,date,open,high,low,close,volume,y2_hat
0,2017-01-01 12:00 AM,966.34,1005.0,960.53,997.75,6850.593308590052,973.7905573756136
1,2017-01-02 12:00 AM,997.75,1032.0,990.01,1012.54,8167.381030180225,991.7923054911339
2,2017-01-03 12:00 AM,1011.44,1039.0,999.99,1035.24,9089.658025290044,1013.6893400514562
3,2017-01-04 12:00 AM,1035.51,1139.89,1028.56,1114.92,21562.456971960448,1095.649456521823
4,2017-01-05 12:00 AM,1114.38,1136.72,885.41,1004.74,36018.86111990921,985.6729263022869
5,2017-01-06 12:00 AM,1004.73,1026.99,871.0,893.89,27916.703098929716,872.0209740198738
6,2017-01-07 12:00 AM,894.02,907.05,812.28,906.2,20401.113591029836,883.5221096410186
7,2017-01-08 12:00 AM,906.2,941.81,881.3,909.75,8937.492707830113,884.3538264418593
8,2017-01-09 12:00 AM,909.8,912.87,875.0,896.23,8716.182940960045,870.6598611913322
9,2017-01-10 12:00 AM,896.09,912.47,889.41,905.05,8535.52168810008,879.3345221448401
10,2017-01-11 12:00 AM,905.24,918.4,755.0,778.62,35893.768367949364,752.6875863467301
11,2017-01-12 12:00 AM,778.7,832.99,751.34,807.47,17400.141554650127,781.7346649775453
12,2017-01-13 12:00 AM,807.51,831.4,775.0,825.86,11409.520330020418,799.6750519844009
13,2017-01-14 12:00 AM,825.98,837.76,810.0,818.27,6614.7189916200705,791.9075436623243
14,2017-01-15 12:00 AM,819.52,823.45,808.0,821.86,4231.463903490109,794.5290431631657
15,2017-01-16 12:00 AM,821.86,835.0,818.09,831.81,6166.043977410015,804.6485313072935
16,2017-01-17 12:00 AM,831.76,908.5,827.0,905.99,12264.169384570338,879.7263572730418
17,2017-01-18 12:00 AM,905.95,915.99,851.74,887.7,11181.898878460312,861.2358845709518
18,2017-01-19 12:00 AM,887.69,910.0,878.89,901.01,11094.603297610181,874.413225234114
19,2017-01-20 12:00 AM,902.23,902.43,880.0,895.8,6618.627764060014,869.1145622044469
20,2017-01-21 12:00 AM,895.81,928.0,895.0,921.98,5865.632030560026,895.3155713103326
21,2017-01-22 12:00 AM,921.98,937.74,886.76,923.76,7166.6654789000795,897.0712725950704
22,2017-01-23 12:00 AM,923.75,927.57,913.21,913.52,3514.741429459997,886.9072596108155
23,2017-01-24 12:00 AM,913.15,923.0,881.48,885.47,9405.04656500016,858.73656028395
24,2017-01-25 12:00 AM,885.47,904.01,884.5,893.43,5291.554742110142,866.683539907695
25,2017-01-26 12:00 AM,893.25,919.49,892.86,914.83,5164.8970199000105,888.3120929225336
26,2017-01-27 12:00 AM,914.95,924.88,908.01,918.02,4830.535162210116,891.4457386185911
27,2017-01-28 12:00 AM,918.02,920.99,913.08,918.6,1175.8635298299992,891.8655866420374
28,2017-01-29 12:00 AM,918.6,919.99,910.45,912.01,1349.0148003299926,885.2582238247604
29,2017-01-30 12:00 AM,913.12,923.0,910.0,919.99,3121.187544429997,893.3083699752946
30,2017-01-31 12:00 AM,919.99,970.0,917.5,963.99,9507.101832240025,937.777180235793
31,2017-02-01 12:00 AM,963.99,986.96,962.0,983.67,6954.3994716300285,958.7531880807566
32,2017-02-02 12:00 AM,983.79,1011.65,973.12,1009.17,8269.680536490036,984.8093521520307
33,2017-02-03 12:00 AM,1009.15,1022.64,987.01,1016.99,10928.024221310125,992.6149182449153
34,2017-02-04 12:00 AM,1015.06,1044.23,1004.0,1033.18,5752.287339689991,1008.7382815656995
35,2017-02-05 12:00 AM,1033.72,1034.6,1004.7,1011.07,4348.170450239997,986.3932169747226
36,2017-02-06 12:00 AM,1010.03,1031.94,1005.1,1023.99,5080.848354720012,999.2585595489206
37,2017-02-07 12:00 AM,1024.0,1056.25,1021.3,1052.48,5372.132625300004,1028.1663201920999
38,2017-02-08 12:00 AM,1052.48,1070.0,1025.0,1050.4,9633.26465194019,1026.4017330470112
39,2017-02-09 12:00 AM,1051.73,1074.69,913.73,986.0,25150.070164029858,961.8100550740875
40,2017-02-10 12:00 AM,985.71,1010.68,950.0,996.08,10731.29006905013,971.3558757500961
41,2017-02-11 12:00 AM,995.49,1020.0,987.62,1012.4,4472.512616749991,987.7338859303488
42,2017-02-12 12:00 AM,1011.01,1011.97,991.98,1000.73,2683.9973582800008,975.7547748080691
43,2017-02-13 12:00 AM,1000.73,1007.89,975.1,1000.79,4547.26036851,975.8568278615322
44,2017-02-14 12:00 AM,1000.74,1019.0,987.97,1008.88,6761.108063090012,984.0588222897526
45,2017-02-15 12:00 AM,1008.88,1013.8,1000.97,1011.53,3095.6600000300004,986.5657157146641
46,2017-02-16 12:00 AM,1011.53,1043.21,1010.75,1032.7,5996.1041298900245,1008.170523143941
47,2017-02-17 12:00 AM,1032.91,1064.99,1031.98,1055.46,6085.02260605,1031.1294330159155
48,2017-02-18 12:00 AM,1055.75,1068.99,1046.14,1056.4,4474.949306230029,1031.9106643599869
49,2017-02-19 12:00 AM,1056.4,1061.9,1039.07,1051.8,2270.849911599998,1027.9234975308011
50,2017-02-20 12:00 AM,1051.8,1089.99,1044.39,1084.0,3664.3736859599935,1060.4607237822504
51,2017-02-21 12:00 AM,1084.0,1126.86,1077.0,1124.62,8395.47371599006,1102.8248431017757
52,2017-02-22 12:00 AM,1124.83,1143.0,1098.16,1130.01,11673.089265659968,1108.3171301832272
53,2017-02-23 12:00 AM,1130.02,1193.92,1120.73,1188.11,11753.238560180143,1166.814800468736
54,2017-02-24 12:00 AM,1183.53,1220.0,1091.1,1180.14,19598.231025759687,1159.8299357515452
55,2017-02-25 12:00 AM,1180.05,1184.73,1127.0,1152.2,6238.437630390009,1130.3116071182221
56,2017-02-26 12:00 AM,1152.11,1184.97,1133.0,1179.05,3536.4862143399964,1156.8421941893932
57,2017-02-27 12:00 AM,1180.46,1197.99,1169.0,1194.64,4640.773589770012,1172.8452088502067
58,2017-02-28 12:00 AM,1194.64,1209.99,1176.27,1191.21,7562.474094789975,1169.6646747031832
59,2017-03-01 12:00 AM,1191.16,1231.0,1188.3,1226.39,6013.065822900025,1203.7633298484882
60,2017-03-02 12:00 AM,1228.0,1283.25,1215.0,1257.6,7762.732439080061,1235.85653410497
61,2017-03-03 12:00 AM,1256.32,1298.0,1255.0,1285.33,7545.477203120005,1264.4392977020482
62,2017-03-04 12:00 AM,1287.38,1289.55,1230.0,1260.0,4951.232105020021,1238.000199223463
63,2017-03-05 12:00 AM,1260.0,1275.0,1240.0,1273.0,3026.0173946601067,1251.3498914793852
64,2017-03-06 12:00 AM,1269.98,1285.0,1251.0,1278.49,4249.6479381100235,1257.2356405651767
65,2017-03-07 12:00 AM,1278.49,1281.62,1175.97,1233.05,14450.037936829909,1211.4663435780028
66,2017-03-08 12:00 AM,1233.86,1245.49,1145.5,1150.05,13399.438209160266,1127.9484557761173
67,2017-03-09 12:00 AM,1149.34,1208.0,1135.01,1190.89,7654.738349240026,1169.077352988694
68,2017-03-10 12:00 AM,1190.99,1350.0,975.0,1116.97,33467.943557999475,1097.4962846366411
69,2017-03-11 12:00 AM,1111.55,1198.0,1106.51,1176.55,7346.78699270005,1155.7225962859611
70,2017-03-12 12:00 AM,1176.58,1241.85,1170.9,1226.62,5793.90851583003,1204.0502989219135
71,2017-03-13 12:00 AM,1226.42,1249.02,1215.43,1242.46,5637.362962659991,1219.918964580582
72,2017-03-14 12:00 AM,1242.46,1260.0,1226.5,1245.86,5745.49650884002,1223.2362901749402
73,2017-03-15 12:00 AM,1245.82,1260.0,1238.32,1257.32,3930.50022526001,1234.7413453205884
74,2017-03-16 12:00 AM,1258.75,1258.96,1130.0,1172.62,15246.552760220084,1149.5211222757707
75,2017-03-17 12:00 AM,1172.0,1173.23,1063.0,1071.02,16704.57322030015,1047.3121143556361
76,2017-03-18 12:00 AM,1068.16,1099.0,944.36,969.4,21292.60430848972,945.1905599594916
77,2017-03-19 12:00 AM,969.4,1063.7,969.4,1017.97,12201.861411560056,993.520656926157
78,2017-03-20 12:00 AM,1012.88,1053.0,1010.01,1035.96,7497.911034140021,1011.500987009267
79,2017-03-21 12:00 AM,1036.23,1117.9,1034.92,1114.39,11125.495395140037,1090.505213697923
80,2017-03-22 12:00 AM,1114.39,1114.39,988.0,1037.56,14521.256356600063,1013.2265930266994
81,2017-03-23 12:00 AM,1037.6,1054.4,1010.69,1029.65,5916.995392860029,1004.9685754576333
82,2017-03-24 12:00 AM,1030.84,1032.0,920.0,929.06,16072.41708326011,903.7214038163916
83,2017-03-25 12:00 AM,928.1,963.36,891.33,956.02,13507.435420879972,931.0283250918312
84,2017-03-26 12:00 AM,956.02,997.0,937.52,960.0,9012.917651110058,933.9594923632617
85,2017-03-27 12:00 AM,959.08,1043.0,952.95,1039.92,8687.08711524005,1014.7862654459457
86,2017-03-28 12:00 AM,1039.09,1068.26,1014.9,1043.99,9115.517124880047,1018.643129823371
87,2017-03-29 12:00 AM,1042.83,1059.43,1008.16,1035.96,9379.719320210024,1010.5847145484952
88,2017-03-30 12:00 AM,1037.29,1050.17,1017.14,1033.7,8645.377870810034,1008.2213844946475
89,2017-03-31 12:00 AM,1033.79,1081.0,1031.43,1070.31,12058.788094560101,1045.0269559116634
90,2017-04-01 12:00 AM,1071.34,1097.0,1061.64,1083.94,5209.128362619993,1060.2743307215017
91,2017-04-02 12:00 AM,1083.95,1100.0,1066.49,1078.01,7639.896216710084,1054.2528397264164
92,2017-04-03 12:00 AM,1076.59,1152.0,1076.19,1144.77,11076.862730590105,1122.0951462918576
93,2017-04-04 12:00 AM,1146.42,1162.93,1118.85,1143.0,7420.86623820003,1120.2263343268476
94,2017-04-05 12:00 AM,1143.0,1145.0,1111.0,1134.58,5588.976408240018,1111.6497622436273
95,2017-04-06 12:00 AM,1134.86,1201.37,1134.36,1190.85,9134.295597620054,1168.3287276699477
96,2017-04-07 12:00 AM,1190.72,1202.0,1176.0,1190.66,5450.272714259998,1168.1778185313904
97,2017-04-08 12:00 AM,1190.66,1197.3,1166.66,1184.03,2720.79822733999,1161.406629947101
98,2017-04-09 12:00 AM,1184.05,1216.87,1173.98,1206.2,4817.4242487400015,1183.8132026783437
99,2017-04-10 12:00 AM,1205.2,1219.71,1195.0,1209.25,3656.816312960003,1186.6399436856927
100,2017-04-11 12:00 AM,1209.99,1229.0,1198.02,1218.99,3487.753108140001,1196.840508523578
101,2017-04-12 12:00 AM,1218.99,1224.57,1208.0,1212.17,3475.194625709994,1190.4181957793337
102,2017-04-13 12:00 AM,1212.16,1219.45,1141.0,1172.91,7135.302956500063,1150.5226484623697
103,2017-04-14 12:00 AM,1172.56,1193.0,1142.0,1170.34,8982.76789634995,1147.7227227433016
104,2017-04-15 12:00 AM,1169.53,1192.5,1165.0,1173.45,1804.4507967999914,1150.3183881425464
105,2017-04-16 12:00 AM,1171.0,1179.3,1150.0,1162.31,2663.99028304,1139.2879969544472
106,2017-04-17 12:00 AM,1162.31,1192.5,1161.0,1176.54,3568.825074769996,1153.8516151270824
107,2017-04-18 12:00 AM,1176.59,1210.0,1175.95,1202.58,5514.182404509979,1180.2023839946194
108,2017-04-19 12:00 AM,1202.59,1209.99,1190.0,1203.98,6046.519436560006,1181.655347139725
109,2017-04-20 12:00 AM,1203.98,1243.88,1201.66,1234.19,5972.935391540011,1211.8388510718387
110,2017-04-21 12:00 AM,1234.93,1252.32,1231.65,1243.61,5023.038520400078,1221.6326947525097
111,2017-04-22 12:00 AM,1243.6,1247.15,1199.0,1233.2,4173.283214720011,1211.1734383097273
112,2017-04-23 12:00 AM,1231.85,1248.99,1223.42,1241.99,2604.721965240014,1219.8744406236694
113,2017-04-24 12:00 AM,1242.0,1254.0,1234.0,1253.58,3048.688900030087,1231.4405790179549
114,2017-04-25 12:00 AM,1253.57,1280.0,1251.07,1269.0,5249.773533180019,1247.2867501117896
115,2017-04-26 12:00 AM,1271.4,1330.0,1265.0,1287.99,8707.639042450015,1267.2341519085899
116,2017-04-27 12:00 AM,1287.92,1342.02,1285.0,1331.53,6669.987468320063,1311.069751583715
117,2017-04-28 12:00 AM,1331.0,1347.02,1299.0,1330.7,8234.275543700034,1310.0246782493418
118,2017-04-29 12:00 AM,1333.93,1342.8,1316.0,1333.0,3927.4506148200494,1312.220115864493
119,2017-04-30 12:00 AM,1336.77,1356.0,1315.68,1350.21,3536.175811100005,1332.1483460447805
120,2017-05-01 12:00 AM,1348.88,1425.0,1341.22,1390.86,8604.414932070029,1368.295447270646
121,2017-05-02 12:00 AM,1390.86,1481.73,1388.0,1447.75,8920.689857930045,1425.6799051995201
122,2017-05-03 12:00 AM,1447.75,1516.04,1431.02,1503.22,11077.589487200108,1481.7030848748539
123,2017-05-04 12:00 AM,1503.25,1623.01,1444.94,1537.23,19548.52973672993,1516.564490095844
124,2017-05-05 12:00 AM,1537.36,1609.0,1495.0,1514.9,15603.684366160207,1493.6929277264921
125,2017-05-06 12:00 AM,1515.39,1578.97,1505.0,1558.02,7901.142840100033,1536.7706062299583
126,2017-05-07 12:00 AM,1554.04,1565.0,1525.0,1554.01,7667.785851130049,1533.3513765342736
127,2017-05-08 12:00 AM,1554.38,1653.97,1554.38,1649.54,19262.353526250008,1629.9025624396509
128,2017-05-09 12:00 AM,1649.55,1760.4,1616.05,1720.28,16807.733232270068,1702.0339864365617
129,2017-05-10 12:00 AM,1720.26,1794.21,1682.0,1772.58,11265.378638290094,1754.7850355459636
130,2017-05-11 12:00 AM,1774.52,1892.0,1745.01,1828.45,14740.219326380142,1811.4278451338914
131,2017-05-12 12:00 AM,1830.85,1832.0,1650.0,1691.51,17062.844627729926,1673.4039892529809
132,2017-05-13 12:00 AM,1690.33,1785.82,1601.46,1776.89,10532.234513430089,1759.5195556686535
133,2017-05-14 12:00 AM,1776.8,1815.0,1753.0,1784.0,4816.732088150014,1766.7185696789584
134,2017-05-15 12:00 AM,1782.3,1784.0,1682.56,1705.48,13316.802178140571,1688.189692918432
135,2017-05-16 12:00 AM,1706.07,1750.0,1641.22,1700.01,16554.08858020012,1682.2268777471604
136,2017-05-17 12:00 AM,1700.01,1840.42,1670.01,1782.99,17797.318524120124,1765.5900157588626
137,2017-05-18 12:00 AM,1779.0,1881.8,1766.33,1878.99,11916.12339070016,1862.0815542535213
138,2017-05-19 12:00 AM,1879.0,1969.99,1874.99,1958.0,14124.618314950183,1942.5468100010362
139,2017-05-20 12:00 AM,1959.09,2021.0,1914.0,2013.99,12309.9474735401,1999.348274849272
140,2017-05-21 12:00 AM,2013.99,2063.11,1961.52,2017.55,6755.834368550031,2007.2000015676201
141,2017-05-22 12:00 AM,2017.55,2230.34,2001.0,2099.97,16338.535406350205,2098.109670084675
142,2017-05-23 12:00 AM,2088.76,2275.0,2088.45,2264.23,14138.919668350112,2263.519804208441
143,2017-05-24 12:00 AM,2265.9,2481.75,2264.64,2420.29,22144.59820110022,2423.0066107797957
144,2017-05-25 12:00 AM,2420.29,2760.1,2221.0,2292.53,32964.76142590955,2299.846670725025
145,2017-05-26 12:00 AM,2277.01,2599.12,2060.0,2279.82,28326.82201442996,2281.600472995014
146,2017-05-27 12:00 AM,2280.7,2339.94,1850.0,2042.0,26216.275126899014,2036.3422633713135
147,2017-05-28 12:00 AM,2042.89,2313.96,2041.48,2178.81,15375.218126110025,2167.8138883585075
148,2017-05-29 12:00 AM,2172.54,2350.0,2110.0,2292.1,12129.278085880162,2281.362742349909
149,2017-05-30 12:00 AM,2290.18,2339.08,2160.0,2203.51,13888.850972989958,2192.58518143963
150,2017-05-31 12:00 AM,2201.7,2334.0,2154.28,2298.01,16279.2924315001,2287.740920125288
151,2017-06-01 12:00 AM,2298.01,2456.39,2296.81,2413.63,18401.663601249347,2408.0709657216194
152,2017-06-02 12:00 AM,2413.58,2489.0,2370.03,2488.94,12428.700594290256,2483.3115932983987
153,2017-06-03 12:00 AM,2488.94,2584.34,2445.0,2540.94,10810.584689250076,2535.045440888412
154,2017-06-04 12:00 AM,2538.1,2569.0,2460.0,2530.27,8828.624942810084,2523.0377570429746
155,2017-06-05 12:00 AM,2530.27,2699.35,2525.28,2698.0,12221.444806000176,2694.4980188973223
156,2017-06-06 12:00 AM,2698.0,2933.0,2689.4,2880.74,26695.670817580245,2883.006031521724
157,2017-06-07 12:00 AM,2875.71,2893.28,2612.5,2683.03,16967.04353572093,2682.320817696112
158,2017-06-08 12:00 AM,2680.24,2815.0,2613.13,2806.0,13251.405449110192,2803.7828108151202
159,2017-06-09 12:00 AM,2805.46,2868.23,2780.43,2822.32,8036.313569410143,2818.9846602059547
160,2017-06-10 12:00 AM,2818.0,2912.98,2800.0,2899.99,9593.36119146004,2897.1327542043286
161,2017-06-11 12:00 AM,2899.01,2967.46,2861.53,2954.22,6830.606839810013,2953.7070726457964
162,2017-06-12 12:00 AM,2954.23,2980.0,2480.03,2667.06,31534.946055500277,2669.136918956911
163,2017-06-13 12:00 AM,2656.97,2783.62,2638.62,2703.02,16275.83441252057,2702.1808885787314
164,2017-06-14 12:00 AM,2705.99,2801.0,2320.0,2450.0,29478.820283929144,2446.4794090360565
165,2017-06-15 12:00 AM,2451.42,2516.2,2120.0,2424.91,36751.09130816933,2423.778068656142
166,2017-06-16 12:00 AM,2424.96,2540.0,2307.66,2484.68,13802.393299830283,2481.752118944561
167,2017-06-17 12:00 AM,2484.68,2674.4,2420.53,2630.0,11142.985185560095,2624.4438862263437
168,2017-06-18 12:00 AM,2630.06,2665.0,2460.62,2516.98,9424.231180559878,2508.3351493527443
169,2017-06-19 12:00 AM,2516.98,2598.0,2480.96,2598.0,10570.672525000016,2590.684584894005
170,2017-06-20 12:00 AM,2598.0,2783.0,2581.0,2740.0,15891.699488170345,2734.8370844062206
171,2017-06-21 12:00 AM,2734.03,2789.0,2611.0,2657.04,15676.32352625031,2651.8729985364307
172,2017-06-22 12:00 AM,2658.67,2740.0,2594.61,2713.48,10792.787646410348,2707.8813000546293
173,2017-06-23 12:00 AM,2713.48,2745.0,2657.46,2685.05,8232.480649250076,2678.1106943166515
174,2017-06-24 12:00 AM,2685.05,2724.96,2512.13,2557.66,13342.817855840096,2549.3489980490526
175,2017-06-25 12:00 AM,2557.66,2635.72,2432.0,2502.03,10339.57437415022,2493.26093302668
176,2017-06-26 12:00 AM,2502.26,2550.03,2315.01,2421.22,22094.211510710295,2413.337586777314
177,2017-06-27 12:00 AM,2421.21,2565.0,2291.0,2565.0,19129.596507560174,2558.858330077608
178,2017-06-28 12:00 AM,2565.0,2593.0,2468.01,2559.9,12274.54530348017,2552.8281599270917
179,2017-06-29 12:00 AM,2550.99,2594.78,2500.31,2541.59,8125.377637250002,2533.8132876009686
180,2017-06-30 12:00 AM,2538.41,2564.58,2451.0,2465.49,8715.716761560076,2455.9748367972843
181,2017-07-01 12:00 AM,2465.48,2517.11,2390.0,2412.41,8885.893496550114,2403.4541072846737
182,2017-07-02 12:00 AM,2421.3,2528.72,2374.34,2504.37,8744.534411270186,2495.092890894767
183,2017-07-03 12:00 AM,2504.81,2595.0,2472.68,2550.47,11520.707308010149,2541.9877010142354
184,2017-07-04 12:00 AM,2540.07,2639.47,2540.07,2596.12,9662.759414450142,2587.6780536376723
185,2017-07-05 12:00 AM,2594.52,2623.0,2530.1,2602.9,10882.839010710126,2594.846925955571
186,2017-07-06 12:00 AM,2598.37,2614.0,2522.0,2600.39,8333.980949070054,2592.7326876825123
187,2017-07-07 12:00 AM,2599.01,2605.0,2475.0,2501.46,9430.615457800217,2492.241213722082
188,2017-07-08 12:00 AM,2501.46,2555.0,2462.0,2550.07,5405.890886909981,2541.085138901768
189,2017-07-09 12:00 AM,2550.13,2564.65,2500.5,2502.28,4483.144133630023,2493.277088431291
190,2017-07-10 12:00 AM,2504.0,2527.88,2261.85,2323.45,17296.34045274002,2314.5175809989173
191,2017-07-11 12:00 AM,2326.12,2399.0,2242.62,2305.98,17580.961635289743,2298.263107529198
192,2017-07-12 12:00 AM,2301.55,2408.84,2239.54,2388.0,12883.554938089974,2379.9960196088527
193,2017-07-13 12:00 AM,2383.97,2425.16,2312.93,2339.99,8429.850403060072,2331.3899077853216
194,2017-07-14 12:00 AM,2340.0,2357.84,2140.0,2213.37,12659.01704362041,2203.415807442603
195,2017-07-15 12:00 AM,2209.44,2219.99,1967.65,1970.51,19886.67952317989,1958.7873306680576
196,2017-07-16 12:00 AM,1970.51,2044.44,1830.0,1917.63,25562.705644570062,1910.6605313820364
197,2017-07-17 12:00 AM,1917.72,2229.97,1910.57,2226.0,26448.501402548765,2220.276063160372
198,2017-07-18 12:00 AM,2226.0,2392.0,2164.0,2303.71,25204.48960245936,2299.0141123181174
199,2017-07-19 12:00 AM,2308.82,2402.5,2223.0,2265.21,17009.883495920607,2259.190457047071
200,2017-07-20 12:00 AM,2265.51,2938.0,2265.51,2875.03,30989.89112525913,2875.876227037709
201,2017-07-21 12:00 AM,2880.0,2887.45,2611.39,2670.0,20724.160503379826,2668.949907278144
202,2017-07-22 12:00 AM,2667.01,2882.0,2644.59,2832.71,12819.631348040128,2830.9696129449794
203,2017-07-23 12:00 AM,2824.82,2855.0,2640.0,2749.02,11001.964600670151,2745.5954460407243
204,2017-07-24 12:00 AM,2756.8,2800.0,2701.0,2759.98,10001.915066100071,2756.976552793901
205,2017-07-25 12:00 AM,2759.95,2775.79,2450.0,2564.82,21326.54783885015,2560.7879949707044
206,2017-07-26 12:00 AM,2564.74,2608.96,2400.0,2524.99,17713.67446580028,2520.075405606812
207,2017-07-27 12:00 AM,2524.99,2695.0,2509.63,2666.33,11826.475199480281,2662.237014207659
208,2017-07-28 12:00 AM,2666.33,2825.0,2655.82,2777.01,14069.501492140225,2775.588690072242
209,2017-07-29 12:00 AM,2777.01,2785.65,2631.78,2680.56,10782.217536750171,2675.6941927920757
210,2017-07-30 12:00 AM,2681.6,2774.45,2569.69,2742.37,9678.161260670207,2742.1118339563463
211,2017-07-31 12:00 AM,2745.76,2889.99,2680.01,2855.81,11114.335542209968,2860.29248674921
212,2017-08-01 12:00 AM,2855.81,2929.17,2615.0,2731.0,12525.07669112009,2734.483503617494
213,2017-08-02 12:00 AM,2732.0,2760.0,2650.0,2703.51,9486.625525630054,2703.939487920162
214,2017-08-03 12:00 AM,2703.51,2807.44,2698.83,2793.37,7963.697999240034,2789.858473398726
215,2017-08-04 12:00 AM,2793.34,2877.52,2765.91,2855.0,7635.821671900083,2851.4798250669814
216,2017-08-05 12:00 AM,2851.01,3339.66,2848.32,3263.62,16996.273100910057,3265.773725342682
217,2017-08-06 12:00 AM,3263.51,3296.51,3146.1,3222.75,5998.7357885200045,3221.414377722845
218,2017-08-07 12:00 AM,3216.78,3430.0,3186.0,3387.55,12046.117265010336,3389.2857863117356
219,2017-08-08 12:00 AM,3387.54,3490.0,3300.0,3412.41,15835.370207810149,3414.7887126563737
220,2017-08-09 12:00 AM,3408.46,3423.1,3178.72,3342.99,14286.84413824044,3343.783930125623
221,2017-08-10 12:00 AM,3342.99,3448.0,3311.17,3413.03,9031.121280210147,3413.7329145427784
222,2017-08-11 12:00 AM,3410.0,3705.0,3390.67,3645.06,11927.373334240088,3648.822066664079
223,2017-08-12 12:00 AM,3651.74,3934.0,3586.95,3855.1,12351.07466142996,3861.5513084850445
224,2017-08-13 12:00 AM,3855.04,4190.0,3841.71,4053.87,15889.829788539808,4070.064869737601
225,2017-08-14 12:00 AM,4053.87,4329.43,3964.96,4306.23,14212.304207240275,4327.142796606563
226,2017-08-15 12:00 AM,4320.95,4400.0,3800.0,4155.67,25515.718014369413,4175.191054417932
227,2017-08-16 12:00 AM,4154.99,4379.78,3926.06,4378.84,12923.63728054015,4395.311245908047
228,2017-08-17 12:00 AM,4361.99,4480.0,4167.21,4276.5,14573.185929090392,4291.89880898688
229,2017-08-18 12:00 AM,4260.47,4368.0,3964.96,4100.0,17516.99336076034,4114.275564732504
230,2017-08-19 12:00 AM,4100.0,4188.0,3900.0,4099.55,15036.184051130349,4111.82262597665
231,2017-08-20 12:00 AM,4091.99,4125.95,4000.0,4058.68,6237.972896320015,4066.1335136597863
232,2017-08-21 12:00 AM,4058.64,4080.0,3949.78,3987.52,9782.05659401016,3993.671212485332
233,2017-08-22 12:00 AM,3987.51,4139.31,3600.0,4085.0,23522.758166360483,4093.95904996619
234,2017-08-23 12:00 AM,4078.0,4248.97,4051.94,4108.12,14979.403481470037,4116.2288128181735
235,2017-08-24 12:00 AM,4121.78,4350.0,4082.57,4300.34,10782.694367380192,4308.9994628903605
236,2017-08-25 12:00 AM,4308.8,4449.98,4270.0,4355.98,9699.610033739971,4365.148645337049
237,2017-08-26 12:00 AM,4348.17,4369.78,4232.43,4333.38,6559.6686037500285,4341.07688398773
238,2017-08-27 12:00 AM,4333.38,4393.3,4290.32,4337.68,3979.124452829982,4344.238242908329
239,2017-08-28 12:00 AM,4329.91,4399.72,4169.01,4379.99,8641.002445900043,4387.471935393871
240,2017-08-29 12:00 AM,4385.0,4649.78,4336.26,4578.82,11879.642830690284,4589.806906035011
241,2017-08-30 12:00 AM,4578.82,4642.22,4479.0,4573.2,8720.035039950135,4584.155761327351
242,2017-08-31 12:00 AM,4573.15,4765.21,4566.66,4734.26,8911.412459390018,4746.782702513284
243,2017-09-01 12:00 AM,4734.26,4935.0,4671.09,4921.7,15367.529697360249,4935.548870453246
244,2017-09-02 12:00 AM,4921.71,4979.9,4488.5,4599.9,16977.79362226009,4611.507682292506
245,2017-09-03 12:00 AM,4599.9,4700.0,4385.0,4606.26,11224.914556300237,4616.737382743401
246,2017-09-04 12:00 AM,4603.68,4613.97,4058.5,4277.0,25069.12523005049,4287.014605133139
247,2017-09-05 12:00 AM,4282.53,4474.88,4001.93,4396.52,20884.219693530402,4407.26688277555
248,2017-09-06 12:00 AM,4397.38,4649.23,4356.42,4605.8,16634.104205340496,4615.774968243198
249,2017-09-07 12:00 AM,4605.81,4674.34,4475.0,4615.0,9254.851426920168,4623.693817545596
250,2017-09-08 12:00 AM,4615.0,4679.97,4125.99,4312.0,23693.30162259021,4320.5649170804945
251,2017-09-09 12:00 AM,4327.41,4379.78,4164.0,4308.72,9974.388234530596,4314.76626136851
252,2017-09-10 12:00 AM,4322.44,4322.44,4010.0,4226.22,14724.204143870835,4233.167547610961
253,2017-09-11 12:00 AM,4226.21,4353.49,4092.4,4207.31,11191.59504385025,4216.01260672731
254,2017-09-12 12:00 AM,4198.89,4377.65,4080.0,4172.56,13294.43769742036,4181.874125893326
255,2017-09-13 12:00 AM,4170.6,4179.14,3720.01,3865.34,29636.38096310942,3878.6625299613665
256,2017-09-14 12:00 AM,3861.89,3921.74,3210.0,3227.79,41319.39712569992,3239.8344823457533
257,2017-09-15 12:00 AM,3227.79,3820.0,2972.01,3700.01,60278.946541769,3715.5174662968748
258,2017-09-16 12:00 AM,3699.89,3872.9,3500.0,3678.93,23158.228910709986,3686.167005295189
259,2017-09-17 12:00 AM,3669.07,3772.52,3463.0,3662.99,11770.217650490169,3665.0467908852443
260,2017-09-18 12:00 AM,3662.95,4122.7,3659.42,4101.6,17207.598924390393,4108.320974601903
261,2017-09-19 12:00 AM,4102.0,4119.7,3848.35,3888.8,15278.930440400083,3893.8001752899827
262,2017-09-20 12:00 AM,3888.8,4050.0,3820.56,3874.46,11660.271813310195,3878.141543100946
263,2017-09-21 12:00 AM,3864.0,3914.0,3573.0,3617.05,17904.29717206008,3619.3905169889003
264,2017-09-22 12:00 AM,3607.83,3761.84,3514.0,3612.18,15007.738449490033,3613.5695375904747
265,2017-09-23 12:00 AM,3611.91,3810.25,3552.0,3779.17,10123.232135520157,3780.362431781369
266,2017-09-24 12:00 AM,3781.13,3783.25,3615.0,3664.22,6508.724990230082,3663.1487359317225
267,2017-09-25 12:00 AM,3667.01,3968.59,3658.39,3918.0,14979.78226289007,3919.6851317690625
268,2017-09-26 12:00 AM,3920.66,3970.0,3850.61,3888.03,10014.623671240022,3889.1373307158774
269,2017-09-27 12:00 AM,3883.95,4226.73,3870.0,4199.29,15075.838716640257,4203.318844604332
270,2017-09-28 12:00 AM,4202.34,4270.01,4123.5,4184.84,9625.929382260141,4188.276401185833
271,2017-09-29 12:00 AM,4183.47,4227.62,4022.02,4164.82,12191.930651310231,4168.129204405774
272,2017-09-30 12:00 AM,4162.04,4349.0,4154.28,4326.09,7496.782499250046,4329.787354222743
273,2017-10-01 12:00 AM,4326.09,4377.22,4216.0,4377.22,7211.335135800079,4380.576022053337
274,2017-10-02 12:00 AM,4369.33,4453.0,4352.0,4391.48,8259.818631500078,4395.03301589163
275,2017-10-03 12:00 AM,4391.41,4425.0,4218.0,4315.83,12468.057256420117,4319.144491455249
276,2017-10-04 12:00 AM,4315.73,4343.0,4170.07,4219.53,8518.992749170093,4221.90930453774
277,2017-10-05 12:00 AM,4219.74,4358.97,4137.96,4301.09,8419.962841620027,4303.757066300621
278,2017-10-06 12:00 AM,4301.09,4425.0,4278.4,4362.95,8377.301649660092,4365.998153019623
279,2017-10-07 12:00 AM,4356.09,4463.0,4312.82,4423.3,4646.405621170004,4426.267278757009
280,2017-10-08 12:00 AM,4422.72,4612.0,4404.5,4597.98,10083.866849269973,4605.216490064609
281,2017-10-09 12:00 AM,4597.97,4865.0,4541.0,4764.7,12923.666616770093,4775.194867420826
282,2017-10-10 12:00 AM,4761.67,4909.97,4700.0,4749.29,11666.024962410025,4759.895799908949
283,2017-10-11 12:00 AM,4747.9,4869.78,4700.0,4822.01,9866.895621750042,4832.230010602175
284,2017-10-12 12:00 AM,4822.01,5445.0,4793.66,5445.0,19916.22801995039,5464.76326595208
285,2017-10-13 12:00 AM,5444.0,5846.43,5380.0,5653.6,27827.38028535925,5678.444556838047
286,2017-10-14 12:00 AM,5653.58,5817.34,5558.26,5801.29,8410.936230800147,5819.4570396212075
287,2017-10-15 12:00 AM,5795.01,5830.0,5415.0,5679.7,11542.945833670266,5697.488614782266
288,2017-10-16 12:00 AM,5683.92,5807.11,5548.0,5745.72,9066.799744530086,5763.94903640737
289,2017-10-17 12:00 AM,5752.2,5776.31,5506.78,5597.31,9105.281879070131,5615.213141486614
290,2017-10-18 12:00 AM,5591.97,5617.75,5101.36,5582.05,18961.675796690444,5599.47934867737
291,2017-10-19 12:00 AM,5572.64,5735.14,5512.06,5698.69,9919.838216940016,5716.547184936203
292,2017-10-20 12:00 AM,5700.0,6074.0,5589.8,5977.29,15109.06365101016,5998.961964393097
293,2017-10-21 12:00 AM,5977.26,6180.0,5871.0,6013.46,15357.423733709993,6036.069411072378
294,2017-10-22 12:00 AM,6010.85,6071.07,5700.0,5969.0,12232.523329910215,5987.941200983758
295,2017-10-23 12:00 AM,5967.38,6045.34,5617.75,5871.17,15331.635029340252,5892.311645589745
296,2017-10-24 12:00 AM,5869.82,5870.0,5453.01,5523.4,17286.723739310117,5544.350647844674
297,2017-10-25 12:00 AM,5518.49,5748.0,5366.0,5735.88,12349.106702200193,5756.158282808435
298,2017-10-26 12:00 AM,5741.35,5988.0,5683.0,5890.0,11788.30258919011,5909.951008000808
299,2017-10-27 12:00 AM,5889.99,5994.06,5674.06,5771.89,11911.041996250024,5789.793029341179
300,2017-10-28 12:00 AM,5773.03,5875.66,5646.18,5730.69,5926.297371580092,5746.784778473659
301,2017-10-29 12:00 AM,5731.7,6316.85,5683.0,6137.37,16086.625694659995,6161.381159497005
302,2017-10-30 12:00 AM,6133.01,6229.77,6024.03,6119.99,9574.643653130204,6146.40014899433
303,2017-10-31 12:00 AM,6120.0,6449.78,6072.81,6434.21,13423.308550510132,6467.419517174041
304,2017-11-01 12:00 AM,6434.24,6756.36,6340.01,6741.59,12967.222116380386,6756.303068592598
305,2017-11-02 12:00 AM,6745.04,7354.1,6700.0,7030.0,26514.651194519018,7047.342901245611
306,2017-11-03 12:00 AM,7030.0,7500.0,6925.22,7146.82,15999.783796840633,7163.260942612833
307,2017-11-04 12:00 AM,7145.24,7569.9,6994.0,7388.83,9200.114618440166,7403.037984681059
308,2017-11-05 12:00 AM,7388.79,7590.0,7275.16,7372.72,9218.326897760053,7387.216822481463
309,2017-11-06 12:00 AM,7373.3,7421.39,6922.07,6967.68,19323.128757459872,6982.543966746682
310,2017-11-07 12:00 AM,6967.64,7244.69,6945.0,7130.28,11634.265296510239,7144.860277330212
311,2017-11-08 12:00 AM,7131.38,7888.0,7080.01,7450.32,24679.720549600035,7465.713512002845
312,2017-11-09 12:00 AM,7465.06,7490.0,7061.2,7148.0,14799.26577204038,7162.898344136534
313,2017-11-10 12:00 AM,7150.61,7343.18,6429.44,6588.18,26614.27605230964,6604.605158616124
314,2017-11-11 12:00 AM,6588.18,6820.0,6218.0,6355.13,14942.70255533046,6370.196923788384
315,2017-11-12 12:00 AM,6355.13,6488.88,5555.55,5870.37,37315.156639799614,5887.706587658284
316,2017-11-13 12:00 AM,5870.03,6775.75,5846.0,6525.17,27202.281807959414,6542.624653223539
317,2017-11-14 12:00 AM,6524.69,6750.0,6466.88,6609.0,12072.053088040324,6624.412685169964
318,2017-11-15 12:00 AM,6609.0,7350.0,6609.0,7294.0,16869.897912950633,7309.373833766418
319,2017-11-16 12:00 AM,7294.0,7976.79,7120.85,7846.96,19272.371476660544,7862.362557725293
320,2017-11-17 12:00 AM,7846.96,7997.0,7528.5,7674.99,17714.367874520467,7693.23112864268
321,2017-11-18 12:00 AM,7675.0,7858.0,7431.54,7771.03,7326.810140160048,7786.580113577622
322,2017-11-19 12:00 AM,7775.55,8087.35,7675.0,8016.58,8307.777508570094,8029.715593853194
323,2017-11-20 12:00 AM,8016.58,8269.99,7900.0,8226.17,8179.457727270109,8240.618312886061
324,2017-11-21 12:00 AM,8226.14,8354.46,7770.0,8095.23,13686.511238700026,8110.389259842641
325,2017-11-22 12:00 AM,8095.19,8310.89,8045.76,8214.69,8078.58080138011,8228.214849005857
326,2017-11-23 12:00 AM,8214.69,8279.76,7980.0,7989.0,7811.793399970145,8002.527332231258
327,2017-11-24 12:00 AM,7988.96,8340.0,7876.0,8199.19,9289.989257040172,8211.807162267425
328,2017-11-25 12:00 AM,8199.83,8737.0,8114.78,8717.99,11611.666378880225,8729.203442628603
329,2017-11-26 12:00 AM,8718.0,9366.6,8538.2,9271.06,12021.21548696112,9303.05416754671
330,2017-11-27 12:00 AM,9278.99,9721.7,9267.0,9708.07,13272.452540130671,9747.369570277004
331,2017-11-28 12:00 AM,9708.06,9968.0,9582.25,9868.82,11214.929931150726,9912.031694321291
332,2017-11-29 12:00 AM,9877.63,11395.0,9250.0,9824.68,33432.339962079524,9909.37415794923
333,2017-11-30 12:00 AM,9833.7,10618.29,9000.0,9947.67,25433.458363671678,10011.184975872811
334,2017-12-01 12:00 AM,9927.29,10949.89,9370.11,10840.45,16708.032248461826,10857.93678125464
335,2017-12-02 12:00 AM,10840.45,11200.0,10637.69,10872.0,9267.161054680106,10882.110130137928
336,2017-12-03 12:00 AM,10875.68,11800.01,10513.16,11250.0,14238.525877000342,11263.947801369532
337,2017-12-04 12:00 AM,11250.0,11613.07,10850.0,11613.07,13621.481972820266,11628.35988347367
338,2017-12-05 12:00 AM,11613.07,11850.0,11384.25,11677.0,11875.033776860237,11691.340294359217
339,2017-12-06 12:00 AM,11676.99,13700.0,11659.8,13623.5,19784.87348713068,13618.71107510215
340,2017-12-07 12:00 AM,13623.0,16615.62,13085.9,16599.99,25787.67655646005,16588.673311043578
341,2017-12-08 12:00 AM,16599.99,16666.66,13482.42,15800.0,25473.395310647178,15793.676606887791
342,2017-12-09 12:00 AM,15799.87,15998.5,12701.05,14607.49,16587.472926939437,14597.540103331628
343,2017-12-10 12:00 AM,14601.01,15385.0,13011.0,14691.0,18487.983040991647,14664.807669580588
344,2017-12-11 12:00 AM,14690.99,17270.0,14677.19,16470.0,16583.723155381307,16403.634062752277
345,2017-12-12 12:00 AM,16470.0,17428.42,15967.29,16650.01,13517.89210328085,16575.629171034274
346,2017-12-13 12:00 AM,16650.01,17107.03,15497.69,16250.0,17136.70585820017,16178.779189321483
347,2017-12-14 12:00 AM,16245.02,16830.45,15852.69,16404.99,13409.524287861686,16320.82296059538
348,2017-12-15 12:00 AM,16404.99,17934.0,16337.19,17471.5,18998.388137089867,17345.51040898592
349,2017-12-16 12:00 AM,17477.98,19377.0,17269.99,19187.78,9761.220808531489,18998.96551453138
350,2017-12-17 12:00 AM,19187.78,19666.0,18465.0,18953.0,9749.249154620822,18787.24052834259
351,2017-12-18 12:00 AM,18953.0,19220.0,17835.2,18940.57,14678.941447972275,18778.06037062337
352,2017-12-19 12:00 AM,18940.58,19160.79,16831.26,17700.0,21528.13766503012,17585.45329172798
353,2017-12-20 12:00 AM,17700.0,17950.0,15343.04,16466.98,31172.22880669892,16426.530387954463
354,2017-12-21 12:00 AM,16466.98,17281.17,15005.0,15600.01,20377.860438590167,15554.96773097853
355,2017-12-22 12:00 AM,15600.0,15795.61,11159.93,14009.79,57444.885803255514,14076.813375625215
356,2017-12-23 12:00 AM,13980.0,15756.22,13496.48,14619.0,21786.40866419921,14614.297294204953
357,2017-12-24 12:00 AM,14619.0,14619.1,12488.0,14157.87,18519.48932254055,14117.012309599038
358,2017-12-25 12:00 AM,14107.87,14650.0,13210.0,13911.28,11564.5443330897,13870.63879207548
359,2017-12-26 12:00 AM,13925.5,16147.87,13746.95,15764.44,15051.164017606667,15677.894883259616
360,2017-12-27 12:00 AM,15764.45,16480.52,14484.0,15364.93,15643.754882149296,15287.380132514634
361,2017-12-28 12:00 AM,15390.05,15474.19,13500.0,14470.07,16557.21732270959,14416.086356943393
362,2017-12-29 12:00 AM,14436.99,15111.0,13998.0,14340.0,13505.702992159695,14286.052632624926
363,2017-12-30 12:00 AM,14351.0,14463.28,12050.0,12640.0,21749.674446091456,12621.68970013178
364,2017-12-31 12:00 AM,12640.0,14296.06,12491.21,13880.0,11583.418646979355,13827.049708026723
365,2018-01-01 12:00 AM,13880.0,13941.75,12801.38,13443.41,7688.030684599868,13408.620391034015
366,2018-01-02 12:00 AM,13394.2,15257.53,12910.58,14678.94,16299.669302789964,14621.471381412739
367,2018-01-03 12:00 AM,14670.96,15500.0,14546.28,15155.62,12275.001196680198,15085.028013148354
368,2018-01-04 12:00 AM,15155.62,15430.27,14192.37,15143.67,15004.018592560677,15071.692371076986
369,2018-01-05 12:00 AM,15143.67,17200.0,14810.0,16928.0,16248.914679560305,16802.639123398098
370,2018-01-06 12:00 AM,16927.99,17234.99,16220.0,17149.67,9501.016755460412,17014.726104806556
371,2018-01-07 12:00 AM,17142.43,17149.97,15707.16,16124.02,8632.813843370506,16019.424062744753
372,2018-01-08 12:00 AM,16173.98,16300.0,13900.0,14999.99,16676.34994239018,14931.801891624493
373,2018-01-09 12:00 AM,14999.99,15367.18,14123.97,14403.51,13913.524693680674,14348.382542159434
374,2018-01-10 12:00 AM,14403.51,14900.0,13412.0,14890.02,18479.01253046032,14823.628092105339
375,2018-01-11 12:00 AM,14899.99,14973.07,12800.0,13243.83,19630.07517111928,13219.910590795434
376,2018-01-12 12:00 AM,13249.99,14152.19,12807.27,13781.41,13433.084813629443,13739.814326750866
377,2018-01-13 12:00 AM,13829.28,14619.1,13789.42,14197.78,7488.9870184696765,14143.199025295442
378,2018-01-14 12:00 AM,14197.78,14365.81,13072.22,13647.99,7588.6355897200965,13609.525283772306
379,2018-01-15 12:00 AM,13647.99,14394.36,13429.25,13607.04,9444.63530824037,13569.473243323187
380,2018-01-16 12:00 AM,13581.66,13607.04,10162.0,11386.34,38789.88308788456,11418.124200279408
381,2018-01-17 12:00 AM,11393.97,11794.07,9222.0,11191.35,41356.18973789463,11245.995700376587
382,2018-01-18 12:00 AM,11199.0,12146.0,10693.0,11247.57,22195.262020559498,11275.47728949391
383,2018-01-19 12:00 AM,11290.9,12050.39,11025.18,11552.0,13203.25567513027,11561.937373085719
384,2018-01-20 12:00 AM,11560.82,13052.12,11515.94,12775.99,10324.057334140583,12759.695478708472
385,2018-01-21 12:00 AM,12782.99,12791.88,11100.0,11558.87,11596.441287870068,11552.7402453502
386,2018-01-22 12:00 AM,11558.87,11910.78,10028.41,10808.99,17067.729255821116,10815.121723018035
387,2018-01-23 12:00 AM,10810.0,11409.87,9927.54,10851.82,17250.17614645054,10856.49528522806
388,2018-01-24 12:00 AM,10848.99,11500.0,10488.13,11400.96,11646.790597940437,11398.500847207792
389,2018-01-25 12:00 AM,11400.98,11741.82,10868.57,11155.54,10212.921833810122,11155.45782526823
390,2018-01-26 12:00 AM,11140.01,11635.0,10263.32,11092.95,15074.666412430432,11093.208330111054
391,2018-01-27 12:00 AM,11093.74,11630.47,10815.84,11446.54,10309.807462480068,11439.189062652746
392,2018-01-28 12:00 AM,11446.54,11989.15,11360.52,11685.58,9956.092495760042,11673.553525080286
393,2018-01-29 12:00 AM,11685.58,11820.01,10991.0,11162.62,9996.356898480552,11159.447126961497
394,2018-01-30 12:00 AM,11162.62,11222.36,9731.2,9971.0,21082.192527639654,9983.955265865168
395,2018-01-31 12:00 AM,9971.0,10324.0,9514.96,10149.0,12743.509470590252,10160.806677155422
396,2018-02-01 12:00 AM,10148.99,10187.56,8455.0,8998.99,26356.58883930898,9032.52103944282
397,2018-02-02 12:00 AM,9010.87,9096.79,7625.25,8838.83,44406.01982930896,8883.221080834704
398,2018-02-03 12:00 AM,8838.29,9491.2,8170.71,9225.86,16208.374113420758,9254.023008124002
399,2018-02-04 12:00 AM,9225.31,9350.09,7825.0,8191.0,19110.672460789054,8222.649401157843
400,2018-02-05 12:00 AM,8190.78,8335.56,6600.0,6874.27,46544.42880430831,6931.329195717752
401,2018-02-06 12:00 AM,6878.65,8150.0,5920.72,7737.37,70961.36965825352,7804.735867881343
402,2018-02-07 12:00 AM,7737.26,8649.0,7213.8,7588.01,32640.892537538646,7631.724725731782
403,2018-02-08 12:00 AM,7588.01,8644.36,7565.5,8259.76,22746.391181120118,8298.34887574265
404,2018-02-09 12:00 AM,8259.42,8779.62,7753.32,8693.98,18418.11709042092,8725.465616258529
405,2018-02-10 12:00 AM,8693.98,9090.8,8170.86,8560.0,14670.558702030781,8586.115406870409
406,2018-02-11 12:00 AM,8560.0,8560.0,7820.0,8067.0,12711.785845700437,8083.83456803452
407,2018-02-12 12:00 AM,8077.25,8995.0,8067.0,8899.0,15071.040296840923,8913.769576302448
408,2018-02-13 12:00 AM,8891.2,8951.89,8360.13,8522.99,11374.524152540156,8538.582147805453
409,2018-02-14 12:00 AM,8504.57,9515.0,8504.57,9490.98,17468.738865930212,9501.693272518845
410,2018-02-15 12:00 AM,9490.98,10234.0,9350.0,10018.0,21036.337317499416,10024.714274743254
411,2018-02-16 12:00 AM,10011.3,10300.0,9707.51,10196.0,11857.642775131031,10200.081487805443
412,2018-02-17 12:00 AM,10203.14,11135.83,10053.5,11101.0,14511.169136760664,11093.894195960593
413,2018-02-18 12:00 AM,11101.0,11300.0,10153.15,10421.06,17623.079431350518,10421.25735568256
414,2018-02-19 12:00 AM,10433.68,11262.48,10307.51,11173.0,11698.256226110181,11163.19154884936
415,2018-02-20 12:00 AM,11159.12,11780.0,11080.37,11233.41,15880.909039800175,11224.189875081905
416,2018-02-21 12:00 AM,11233.42,11275.74,10256.0,10449.4,19959.677156520767,10449.852044199886
417,2018-02-22 12:00 AM,10446.79,10935.0,9731.2,9843.34,20204.69095384104,9848.466115319674
418,2018-02-23 12:00 AM,9843.33,10405.3,9600.0,10166.1,16044.039303330695,10167.192905483167
419,2018-02-24 12:00 AM,10135.2,10540.63,9373.48,9689.99,13972.714723510791,9694.433665084845
420,2018-02-25 12:00 AM,9688.26,9883.41,9260.0,9590.04,11037.176952690352,9594.043430298203
421,2018-02-26 12:00 AM,9595.99,10461.97,9376.34,10324.7,16156.805056181067,10322.615528905182
422,2018-02-27 12:00 AM,10329.99,10850.0,10150.0,10566.3,10408.479937750457,10561.87828031433
423,2018-02-28 12:00 AM,10572.49,11064.75,10255.07,10314.9,10490.749058160172,10312.915517345162
424,2018-03-01 12:00 AM,10314.99,11090.0,10223.41,10903.13,9481.665146110472,10905.018635613334
425,2018-03-02 12:00 AM,10917.37,11175.0,10774.01,11029.99,8329.097900860459,11029.413931943704
426,2018-03-03 12:00 AM,11032.81,11503.24,11022.85,11445.0,7786.26753951002,11438.421825506874
427,2018-03-04 12:00 AM,11445.0,11511.0,11054.91,11463.27,6831.630702790041,11454.879564055354
428,2018-03-05 12:00 AM,11479.68,11688.0,11383.66,11419.24,9933.676233360038,11413.024789372992
429,2018-03-06 12:00 AM,11417.39,11420.01,10560.19,10723.76,14734.419493130694,10727.333800851482
430,2018-03-07 12:00 AM,10723.01,10911.78,9450.0,9913.03,26116.511848031598,9928.38505022414
431,2018-03-08 12:00 AM,9904.52,10150.0,9078.95,9285.32,22522.427469911047,9305.2653877816
432,2018-03-09 12:00 AM,9293.06,9420.39,8366.0,9230.0,29014.16684454025,9252.306299140497
433,2018-03-10 12:00 AM,9228.83,9514.96,8697.0,8791.47,12886.588579260295,8810.058183334331
434,2018-03-11 12:00 AM,8795.04,9768.37,8450.0,9535.04,16407.54237557009,9549.675878911896
435,2018-03-12 12:00 AM,9535.04,9892.0,8742.07,9120.75,18751.020579590248,9140.778969036794
436,2018-03-13 12:00 AM,9115.24,9482.79,8830.0,9142.32,16001.475346390293,9160.567793447368
437,2018-03-14 12:00 AM,9152.07,9356.14,7948.0,8196.69,21191.02313579993,8223.071936730517
438,2018-03-15 12:00 AM,8195.99,8425.0,7682.0,8265.05,18387.611387929708,8294.987580373263
439,2018-03-16 12:00 AM,8265.05,8613.06,7914.08,8258.54,16498.624335309763,8284.016773312653
440,2018-03-17 12:00 AM,8258.54,8356.4,7730.23,7860.83,12048.66889140019,7884.548772025464
441,2018-03-18 12:00 AM,7860.83,8324.92,7325.37,8188.24,19547.36114711022,8212.314647366473
442,2018-03-19 12:00 AM,8205.55,8718.74,8114.17,8596.93,19396.088358831203,8618.23361978997
443,2018-03-20 12:00 AM,8596.79,9051.0,8313.01,8904.02,13454.8222604005,8922.580637258234
444,2018-03-21 12:00 AM,8904.02,9188.1,8754.83,8893.79,12100.99713332048,8912.40573134306
445,2018-03-22 12:00 AM,8892.18,9099.59,8503.52,8704.67,12587.633922291308,8724.025505305744
446,2018-03-23 12:00 AM,8708.52,8920.79,8265.0,8920.79,13749.78486097196,8937.804085888756
447,2018-03-24 12:00 AM,8917.99,9020.0,8505.0,8547.0,9731.98236841007,8562.686065751095
448,2018-03-25 12:00 AM,8541.96,8680.0,8368.63,8453.9,9155.912147780171,8469.757642726305
449,2018-03-26 12:00 AM,8451.12,8500.0,7831.15,8149.66,17693.415339303032,8170.312966934007
450,2018-03-27 12:00 AM,8152.26,8211.62,7742.11,7791.7,12385.25028422165,7813.848541055577
451,2018-03-28 12:00 AM,7791.69,8104.98,7723.03,7932.41,8437.644679710644,7953.4297583139705
452,2018-03-29 12:00 AM,7932.41,7968.0,6914.53,7088.38,22138.114132282943,7112.815079799362
453,2018-03-30 12:00 AM,7086.14,7302.35,6550.0,6850.0,29101.44802706583,6877.040409498122
454,2018-03-31 12:00 AM,6839.63,7231.73,6794.26,6928.62,11579.597057181421,6949.879170713693
455,2018-04-01 12:00 AM,6926.5,7045.71,6427.16,6813.52,18046.940873952262,6838.864503050296
456,2018-04-02 12:00 AM,6816.31,7106.5,6759.96,7052.76,13624.160355662141,7081.770044193195
457,2018-04-03 12:00 AM,7052.75,7506.84,7001.28,7416.27,16089.541629032317,7442.673231528019
458,2018-04-04 12:00 AM,7415.53,7430.0,6710.38,6799.95,15779.202466610075,6825.282916967574
459,2018-04-05 12:00 AM,6799.37,6928.7,6578.95,6771.69,11894.535978070477,6797.205510976488
460,2018-04-06 12:00 AM,6771.3,6850.0,6510.0,6618.33,8478.418068969804,6643.043215629303
461,2018-04-07 12:00 AM,6627.7,7069.13,6600.99,6904.9,7683.041652600153,6927.395199049383
462,2018-04-08 12:00 AM,6904.21,7104.52,6894.8,7027.26,4352.69794201998,7047.530760941207
463,2018-04-09 12:00 AM,7027.26,7175.83,6611.49,6780.1,10103.916216149788,6802.208404779812
464,2018-04-10 12:00 AM,6782.39,6900.0,6653.21,6835.67,6480.192764180036,6858.005487509365
465,2018-04-11 12:00 AM,6824.75,6984.92,6809.26,6940.94,5825.410645560036,6962.442319193892
466,2018-04-12 12:00 AM,6940.94,8069.34,6758.45,7923.78,19033.380334400343,7947.859222593249
467,2018-04-13 12:00 AM,7923.78,8239.33,7753.32,7896.92,19605.942750770333,7920.880083372046
468,2018-04-14 12:00 AM,7885.9,8232.14,7835.0,8000.41,8935.530714770512,8019.25058630244
469,2018-04-15 12:00 AM,8003.39,8417.0,8001.23,8354.22,7542.84081564009,8371.243064634356
470,2018-04-16 12:00 AM,8353.43,8424.99,7905.0,8048.15,10866.602957490142,8066.633038293553
471,2018-04-17 12:00 AM,8054.68,8160.85,7806.81,7890.87,9277.151215380289,7909.900032989071
472,2018-04-18 12:00 AM,7890.87,8235.0,7870.35,8172.84,9227.20459808004,8191.966131906107
473,2018-04-19 12:00 AM,8172.83,8297.99,8074.44,8271.31,9436.846327630112,8289.788404841214
474,2018-04-20 12:00 AM,8273.0,8934.0,8216.9,8861.0,16059.622671340068,8876.78943252852
475,2018-04-21 12:00 AM,8865.78,9023.4,8608.0,8920.71,15336.307927430444,8935.349649932288
476,2018-04-22 12:00 AM,8924.93,9036.52,8760.0,8789.96,9346.451759250042,8805.48786206884
477,2018-04-23 12:00 AM,8781.7,9006.39,8771.22,8946.95,10286.117714900072,8963.820250820369
478,2018-04-24 12:00 AM,8942.0,9737.16,8930.0,9648.0,20460.50898304012,9663.815283871218
479,2018-04-25 12:00 AM,9648.36,9755.53,8751.0,8864.99,33035.90404481652,8883.9236375306
480,2018-04-26 12:00 AM,8855.07,9326.79,8647.29,9274.48,20042.969702111077,9287.75074789803
481,2018-04-27 12:00 AM,9277.32,9387.82,8901.09,8921.43,11375.514375470457,8936.81559367966
482,2018-04-28 12:00 AM,8916.54,9442.34,8854.47,9345.11,15558.402301930208,9355.921320006808
483,2018-04-29 12:00 AM,9352.97,9538.75,9180.0,9393.99,10940.718030629956,9402.17386886908
484,2018-04-30 12:00 AM,9396.32,9443.96,9111.0,9242.17,8085.6882945600855,9251.790793669583
485,2018-05-01 12:00 AM,9243.51,9249.99,8815.91,9066.9,12138.263960500215,9081.490881683525
486,2018-05-02 12:00 AM,9066.9,9259.16,8975.23,9222.0,10575.17497792033,9235.081955502113
487,2018-05-03 12:00 AM,9220.0,9799.99,9165.19,9732.43,11670.799578630249,9742.504077241667
488,2018-05-04 12:00 AM,9737.0,9784.73,9527.38,9696.57,7326.052071110266,9706.376818549721
489,2018-05-05 12:00 AM,9689.0,9948.98,9670.68,9823.28,7403.105023520043,9832.187019409701
490,2018-05-06 12:00 AM,9827.04,9918.41,9375.0,9623.54,8155.576856600059,9634.006347724637
491,2018-05-07 12:00 AM,9621.99,9634.5,9175.0,9359.52,13616.348593300034,9373.745286748868
492,2018-05-08 12:00 AM,9356.79,9450.0,9015.0,9167.69,11418.310536510184,9182.711260845957
493,2018-05-09 12:00 AM,9181.52,9368.79,8974.62,9308.49,11368.834325390164,9321.99212285217
494,2018-05-10 12:00 AM,9308.49,9393.0,8987.74,9020.99,11764.977505700224,9035.972985752476
495,2018-05-11 12:00 AM,9007.19,9018.38,8351.0,8411.42,20383.926609919657,8432.50926896312
496,2018-05-12 12:00 AM,8408.79,8652.8,8208.81,8481.6,15464.92940301995,8498.900555326105
497,2018-05-13 12:00 AM,8481.72,8775.9,8335.56,8696.58,9835.224509150185,8710.905641822112
498,2018-05-14 12:00 AM,8696.54,8900.9,8286.57,8674.36,18861.93709627029,8690.457606262245
499,2018-05-15 12:00 AM,8674.53,8865.0,8400.0,8474.99,12391.831986910349,8491.250751697597
500,2018-05-16 12:00 AM,8481.99,8505.33,8100.01,8346.59,12705.123219840618,8363.335406051568
501,2018-05-17 12:00 AM,8337.77,8500.0,7980.0,8067.03,8259.124524420262,8084.37767152972
502,2018-05-18 12:00 AM,8058.16,8275.1,7929.53,8248.87,7181.203883480266,8265.950665271168
503,2018-05-19 12:00 AM,8248.99,8395.0,8141.08,8231.2,3784.075766370003,8245.5607998886
504,2018-05-20 12:00 AM,8225.55,8590.0,8170.71,8518.48,5314.998899790203,8532.063369418622
505,2018-05-21 12:00 AM,8518.64,8589.1,8320.0,8391.76,6126.9710534801925,8406.951204088627
506,2018-05-22 12:00 AM,8403.23,8417.65,7951.41,7984.08,9101.060786930213,8001.78185829186
507,2018-05-23 12:00 AM,7983.98,8032.01,7435.49,7502.89,17635.901293369818,7523.936426593779
508,2018-05-24 12:00 AM,7509.99,7733.99,7267.24,7586.88,11648.365243580249,7607.412381797552
509,2018-05-25 12:00 AM,7579.3,7661.07,7328.13,7471.18,10088.843311210285,7489.3443833058245
510,2018-05-26 12:00 AM,7459.21,7622.87,7276.04,7335.99,4043.5576502300673,7352.870233764422
511,2018-05-27 12:00 AM,7335.99,7412.57,7213.09,7347.39,3144.4511090600563,7363.88893480742
512,2018-05-28 12:00 AM,7348.64,7445.0,7084.99,7112.5,6583.632529590195,7130.187513659275
513,2018-05-29 12:00 AM,7112.2,7537.0,7026.9,7469.45,11049.920992870251,7487.476703207538
514,2018-05-30 12:00 AM,7469.45,7559.0,7273.89,7375.73,8940.454005300273,7393.334914055421
515,2018-05-31 12:00 AM,7375.64,7601.23,7330.22,7492.28,7339.007269310208,7509.033453455277
516,2018-06-01 12:00 AM,7492.28,7620.01,7348.45,7511.6,6762.62757270028,7526.3347462124575
517,2018-06-02 12:00 AM,7511.72,7700.0,7438.92,7642.0,4012.168755210091,7656.070322794677
518,2018-06-03 12:00 AM,7642.0,7790.69,7581.03,7703.67,4729.210083650096,7716.8389934362285
519,2018-06-04 12:00 AM,7712.97,7764.44,7449.68,7488.26,6990.551352700145,7502.602810146943
520,2018-06-05 12:00 AM,7494.99,7685.0,7360.0,7617.98,9968.455089610288,7632.056467280534
521,2018-06-06 12:00 AM,7617.98,7695.46,7482.61,7658.57,7058.055772319978,7672.698880753464
522,2018-06-07 12:00 AM,7658.99,7750.0,7618.99,7689.28,7545.009250660112,7703.36047404143
523,2018-06-08 12:00 AM,7676.41,7697.0,7542.0,7618.11,4676.558327770006,7631.741730608534
524,2018-06-09 12:00 AM,7618.11,7686.45,7468.31,7492.7,2713.7810451100545,7505.816077345173
525,2018-06-10 12:00 AM,7498.0,7498.0,6627.7,6781.17,14392.69540615015,6801.1974232281145
526,2018-06-11 12:00 AM,6781.17,6919.97,6634.86,6880.61,11409.524232180234,6905.381886033632
527,2018-06-12 12:00 AM,6880.76,6880.76,6461.42,6557.67,8827.599499700216,6578.755351445219
528,2018-06-13 12:00 AM,6557.66,6624.45,6120.0,6307.4,19190.504578579894,6330.0308767588485
529,2018-06-14 12:00 AM,6308.49,6708.1,6270.69,6646.1,14185.838211560953,6668.47606761122
530,2018-06-15 12:00 AM,6638.8,6666.66,6370.0,6390.6,7132.2067887101875,6409.234490933737
531,2018-06-16 12:00 AM,6390.6,6557.81,6333.63,6487.92,3553.699726030045,6504.731456488384
532,2018-06-17 12:00 AM,6487.92,6575.35,6429.23,6453.41,2828.756808480027,6467.74567864732
533,2018-06-18 12:00 AM,6451.03,6793.0,6381.25,6707.5,5940.174397500163,6723.703044703983
534,2018-06-19 12:00 AM,6711.3,6841.81,6660.21,6736.52,5443.679796280086,6752.37918131588
535,2018-06-20 12:00 AM,6728.44,6809.26,6558.95,6756.58,5193.76884592011,6772.086290447487
536,2018-06-21 12:00 AM,6756.6,6792.2,6677.85,6718.33,4837.324428320089,6733.294223337881
537,2018-06-22 12:00 AM,6718.33,6737.97,5940.0,6050.45,18544.144054649936,6067.373507073138
538,2018-06-23 12:00 AM,6055.17,6261.0,6048.54,6177.38,4585.871472050113,6192.509824448399
539,2018-06-24 12:00 AM,6169.91,6255.05,5780.0,6153.4,11423.59392896048,6170.20366222778
540,2018-06-25 12:00 AM,6153.6,6365.34,6075.01,6253.61,9689.689307010296,6270.37548129484
541,2018-06-26 12:00 AM,6252.28,6277.0,6025.68,6068.0,7751.622087920156,6083.471244725149
542,2018-06-27 12:00 AM,6073.99,6181.11,5985.0,6135.64,7446.861550740155,6151.427735124535
543,2018-06-28 12:00 AM,6135.64,6165.49,5818.14,5848.33,8878.398572910253,5862.873022399598
544,2018-06-29 12:00 AM,5845.2,6299.0,5774.72,6204.24,12067.373167670312,6223.389236956818
545,2018-06-30 12:00 AM,6204.01,6510.0,6190.28,6385.71,6915.088877020259,6403.446428597547
546,2018-07-01 12:00 AM,6385.75,6438.55,6259.34,6349.99,4160.705567210079,6365.878668660663
547,2018-07-02 12:00 AM,6345.48,6667.57,6270.69,6612.98,8799.802474080288,6631.063785367074
548,2018-07-03 12:00 AM,6605.46,6666.0,6464.39,6507.99,5924.865417060089,6524.543449223478
549,2018-07-04 12:00 AM,6507.99,6792.28,6413.2,6584.25,6706.734006200283,6599.420156379283
550,2018-07-05 12:00 AM,6575.62,6700.0,6445.31,6533.69,7692.215776940255,6549.66015066026
551,2018-07-06 12:00 AM,6533.69,6636.15,6449.76,6596.53,5457.6721874901295,6612.0922078263375
552,2018-07-07 12:00 AM,6604.74,6820.0,6510.0,6759.99,4842.795871120091,6774.498797184594
553,2018-07-08 12:00 AM,6755.46,6783.54,6674.6,6706.6,5145.845756840047,6720.997045645146
554,2018-07-09 12:00 AM,6706.6,6814.72,6620.0,6666.75,7165.217233330258,6681.321668755944
555,2018-07-10 12:00 AM,6666.75,6683.9,6270.84,6299.46,9163.019774920529,6314.299510342826
556,2018-07-11 12:00 AM,6304.45,6400.0,6285.0,6380.0,6370.136801360227,6394.671868692745
557,2018-07-12 12:00 AM,6379.13,6380.0,6072.0,6243.88,7792.466857820442,6258.818687751159
558,2018-07-13 12:00 AM,6243.53,6337.25,6121.01,6215.59,5901.295714520048,6230.019120450097
559,2018-07-14 12:00 AM,6208.78,6317.84,6180.0,6243.98,2584.733962300012,6257.362901006166
560,2018-07-15 12:00 AM,6245.99,6397.21,6227.76,6349.3,3556.293107190035,6363.910194362991
561,2018-07-16 12:00 AM,6353.25,6755.0,6333.63,6721.04,9404.056476490197,6738.174411207004
562,2018-07-17 12:00 AM,6721.21,7468.31,6657.95,7310.71,12703.296512930825,7331.629741120506
563,2018-07-18 12:00 AM,7310.71,7599.98,7239.15,7374.88,13347.876375710715,7396.871226679064
564,2018-07-19 12:00 AM,7384.92,7570.9,7278.84,7471.42,8803.253097490595,7491.1089512513545
565,2018-07-20 12:00 AM,7474.35,7696.88,7265.0,7330.84,9379.171432440637,7349.387897161089
566,2018-07-21 12:00 AM,7330.84,7458.0,7212.0,7409.92,4049.8102225300627,7425.77737161968
567,2018-07-22 12:00 AM,7398.16,7581.03,7336.15,7396.6,5107.978812800086,7412.939102801598
568,2018-07-23 12:00 AM,7393.5,7800.0,7369.86,7719.62,12572.453171310603,7739.232111023832
569,2018-07-24 12:00 AM,7712.46,8496.96,7691.14,8403.83,18707.411564840288,8424.793569924497
570,2018-07-25 12:00 AM,8394.48,8475.0,8049.22,8174.06,10348.068577671216,8195.34706652177
571,2018-07-26 12:00 AM,8174.06,8314.23,7855.97,7926.0,8091.871660490214,7946.116639265545
572,2018-07-27 12:00 AM,7926.0,8274.98,7798.48,8183.05,8701.765878060736,8203.08801967425
573,2018-07-28 12:00 AM,8177.72,8259.0,8051.43,8237.74,2765.680490599997,8253.48197874174
574,2018-07-29 12:00 AM,8231.07,8299.99,8109.74,8216.74,3980.2794075999986,8230.855626260158
575,2018-07-30 12:00 AM,8216.74,8295.0,7853.01,8160.21,11785.892078231223,8176.250416478133
576,2018-07-31 12:00 AM,8162.28,8162.37,7633.67,7725.43,11994.086141561174,7742.740733768877
577,2018-08-01 12:00 AM,7726.85,7761.56,7440.0,7602.01,11406.768437410565,7619.258209083902
578,2018-08-02 12:00 AM,7600.22,7709.98,7455.0,7536.37,5262.236131990414,7552.701141415092
579,2018-08-03 12:00 AM,7535.0,7542.92,7286.41,7416.98,9585.77930917107,7434.42962041409
580,2018-08-04 12:00 AM,7416.98,7494.48,6926.0,7009.99,6831.751390280053,7026.535366671773
581,2018-08-05 12:00 AM,7009.94,7086.8,6888.88,7032.61,6039.135144599974,7049.537351530104
582,2018-08-06 12:00 AM,7028.89,7157.93,6835.06,6936.11,7317.642964550161,6954.110989330637
583,2018-08-07 12:00 AM,6932.18,7155.0,6671.0,6717.68,10039.392963750246,6736.0608562934085
584,2018-08-08 12:00 AM,6717.67,6717.68,6121.0,6283.59,14668.568022211006,6304.309087032055
585,2018-08-09 12:00 AM,6283.89,6627.0,6190.01,6543.76,9484.886704960374,6562.188180629211
586,2018-08-10 12:00 AM,6544.98,6584.05,5995.75,6139.99,14096.009888940871,6157.176420356357
587,2018-08-11 12:00 AM,6139.99,6494.13,6000.0,6239.98,6818.375048160078,6257.823580596456
588,2018-08-12 12:00 AM,6240.49,6493.77,6163.44,6310.82,7169.89323056014,6326.600982493734
589,2018-08-13 12:00 AM,6311.99,6544.37,6142.2,6252.63,8896.680837460008,6269.533123771362
590,2018-08-14 12:00 AM,6252.63,6254.02,5880.0,6193.62,14235.270182180157,6214.549121709311
591,2018-08-15 12:00 AM,6194.3,6628.5,6186.02,6272.3,12501.113347810215,6292.301858759593
592,2018-08-16 12:00 AM,6273.34,6477.57,6208.37,6313.51,7099.261163600084,6331.100590811293
593,2018-08-17 12:00 AM,6314.08,6584.49,6290.64,6580.15,6635.581589980188,6597.6591217354335
594,2018-08-18 12:00 AM,6578.13,6615.0,6303.0,6399.28,3496.8023212700646,6415.099124230411
595,2018-08-19 12:00 AM,6397.37,6545.0,6312.0,6481.99,3138.7113182900316,6495.6255568444
596,2018-08-20 12:00 AM,6481.63,6522.99,6223.9,6260.82,6254.820807840184,6275.130271569776
597,2018-08-21 12:00 AM,6260.83,6513.28,6246.05,6479.27,5655.04172504016,6494.566751351048
598,2018-08-22 12:00 AM,6478.99,6906.81,6250.0,6355.76,11955.650695770191,6371.604779533032
599,2018-08-23 12:00 AM,6355.97,6575.99,6344.8,6525.01,4028.433872470013,6540.159174539328
600,2018-08-24 12:00 AM,6525.99,6721.09,6445.32,6692.94,6374.5425785401185,6708.098708940789
601,2018-08-25 12:00 AM,6692.99,6800.0,6664.25,6732.4,4980.649283310032,6746.824822733391
602,2018-08-26 12:00 AM,6732.99,6775.34,6558.95,6700.46,3475.7202496000073,6714.295085019071
603,2018-08-27 12:00 AM,6700.13,6944.47,6641.35,6904.51,5863.688248360082,6920.078092815678
604,2018-08-28 12:00 AM,6911.7,7125.28,6861.17,7080.94,8222.247652350092,7097.904260546136
605,2018-08-29 12:00 AM,7079.46,7124.06,6890.0,7032.96,5730.978926519941,7048.471577736989
606,2018-08-30 12:00 AM,7034.47,7055.97,6792.85,6984.01,6875.261972170026,6998.8390762904255
607,2018-08-31 12:00 AM,6984.34,7101.03,6879.0,7017.35,5790.380506380029,7031.523722308318
608,2018-09-01 12:00 AM,7015.78,7300.18,7015.22,7185.01,4590.457241120017,7199.528961197255
609,2018-09-02 12:00 AM,7195.8,7334.5,7130.63,7290.31,3297.6865851900293,7305.964192528634
610,2018-09-03 12:00 AM,7291.94,7340.08,7184.0,7258.99,2829.877072919996,7274.656487809121
611,2018-09-04 12:00 AM,7261.29,7411.85,7231.0,7361.0,4531.147803790016,7377.4886728438005
612,2018-09-05 12:00 AM,7353.48,7387.0,6650.0,6679.3,12408.796985510215,6698.34512386641
613,2018-09-06 12:00 AM,6671.95,6705.59,6253.29,6493.09,14674.023671600393,6513.2425502582955
614,2018-09-07 12:00 AM,6488.01,6525.0,6322.0,6400.0,6541.967470879973,6416.862005742063
615,2018-09-08 12:00 AM,6401.01,6465.46,6113.23,6178.31,4284.194843039999,6192.940695039761
616,2018-09-09 12:00 AM,6178.31,6451.51,6094.38,6236.04,4104.313795550041,6249.738666983024
617,2018-09-10 12:00 AM,6238.99,6351.13,6223.9,6301.99,5371.725306720022,6316.724814592909
618,2018-09-11 12:00 AM,6303.99,6405.0,6162.06,6279.99,7076.797259680093,6295.231394661759
619,2018-09-12 12:00 AM,6274.6,6350.0,6192.89,6322.45,4282.159600660034,6338.559960895589
620,2018-09-13 12:00 AM,6326.83,6537.46,6324.37,6485.7,6985.347474740042,6501.119305261411
621,2018-09-14 12:00 AM,6482.95,6587.0,6384.36,6476.51,4598.020983220021,6490.581051847289
622,2018-09-15 12:00 AM,6476.51,6570.1,6466.74,6520.15,1328.8195628899934,6533.738092578931
623,2018-09-16 12:00 AM,6521.49,6524.84,6349.47,6499.98,1098.6280603099983,6512.604812781028
624,2018-09-17 12:00 AM,6499.28,6530.24,6200.0,6254.52,4386.887724820056,6267.637759170818
625,2018-09-18 12:00 AM,6251.49,6390.0,6226.63,6332.34,4196.473148079997,6345.429587786195
626,2018-09-19 12:00 AM,6330.0,6510.0,6100.0,6388.4,7232.083380060086,6401.796395688421
627,2018-09-20 12:00 AM,6388.4,6535.11,6333.63,6492.98,5177.64510387004,6506.5640756740995
628,2018-09-21 12:00 AM,6492.98,6775.34,6483.83,6749.45,8569.985873210126,6763.865289866279
629,2018-09-22 12:00 AM,6748.85,6826.28,6624.79,6710.01,5491.809513850004,6723.6058755806325
630,2018-09-23 12:00 AM,6710.01,6774.91,6659.0,6702.22,3248.8049193099937,6714.169710311407
631,2018-09-24 12:00 AM,6703.37,6721.68,6550.96,6581.52,4030.725620010015,6593.645230470579
632,2018-09-25 12:00 AM,6578.7,6579.59,6324.96,6428.99,8206.617004770114,6441.616782308124
633,2018-09-26 12:00 AM,6428.09,6540.0,6379.44,6461.51,4295.9267413400175,6474.194142596994
634,2018-09-27 12:00 AM,6454.32,6736.85,6431.95,6681.62,5664.852112510052,6694.211546180954
635,2018-09-28 12:00 AM,6684.5,6792.28,6525.67,6610.76,7642.049364280075,6623.343762762726
636,2018-09-29 12:00 AM,6609.02,6609.02,6454.0,6579.38,3382.0159221200206,6591.169619359889
637,2018-09-30 12:00 AM,6574.29,6628.06,6510.0,6597.81,2482.6950751299883,6609.542933986635
638,2018-10-01 12:00 AM,6597.79,6638.15,6477.57,6571.2,4796.040131999972,6584.393749172863
639,2018-10-02 12:00 AM,6569.32,6597.0,6447.28,6500.0,4116.133424190013,6513.082082151756
640,2018-10-03 12:00 AM,6500.0,6510.0,6396.34,6456.77,4774.763281740006,6469.611794038325
641,2018-10-04 12:00 AM,6454.81,6604.89,6450.58,6547.56,3832.700489159984,6560.968588159058
642,2018-10-05 12:00 AM,6548.83,6641.35,6510.0,6582.12,3807.2692818100154,6594.830761569717
643,2018-10-06 12:00 AM,6582.11,6595.69,6526.28,6544.08,2022.7807590799885,6556.650438092435
644,2018-10-07 12:00 AM,6547.93,6600.0,6493.92,6577.63,2455.6565908699868,6589.5014986250235
645,2018-10-08 12:00 AM,6574.15,6656.63,6541.06,6604.75,4079.044249330001,6617.907755523527
646,2018-10-09 12:00 AM,6604.76,6623.14,6553.13,6588.8,2254.950269590001,6601.769403685221
647,2018-10-10 12:00 AM,6588.72,6589.79,6387.91,6517.55,5177.066759560007,6530.994212771652
648,2018-10-11 12:00 AM,6517.55,6520.43,6055.28,6152.76,9616.23958351009,6168.035826555044
649,2018-10-12 12:00 AM,6152.76,6243.79,6109.79,6185.15,3246.381557200022,6198.838325193291
650,2018-10-13 12:00 AM,6182.03,6219.77,6168.83,6199.69,1954.0468059299994,6211.833163328236
651,2018-10-14 12:00 AM,6201.23,6349.47,6143.08,6183.0,2525.738200849972,6195.019161086134
652,2018-10-15 12:00 AM,6185.04,6756.0,6149.28,6441.74,16895.88930388021,6456.138136801489
653,2018-10-16 12:00 AM,6438.2,6493.77,6386.4,6461.2,4703.0939062900125,6474.716571975782
654,2018-10-17 12:00 AM,6457.67,6465.39,6407.69,6437.29,2961.263374460013,6450.431143248653
655,2018-10-18 12:00 AM,6440.07,6490.0,6350.0,6396.18,3823.169285029978,6409.078255999729
656,2018-10-19 12:00 AM,6394.23,6412.4,6355.99,6383.46,2290.059011699988,6396.083239075988
657,2018-10-20 12:00 AM,6380.47,6424.16,6363.02,6412.86,1261.9784954899994,6425.039659543809
658,2018-10-21 12:00 AM,6412.86,6470.0,6401.01,6413.38,1541.011517490009,6424.089571162798
659,2018-10-22 12:00 AM,6412.62,6429.23,6372.53,6406.06,2407.535461800012,6417.864852797489
660,2018-10-23 12:00 AM,6409.39,6421.58,6354.26,6393.41,2851.0055665800523,6405.608333066508
661,2018-10-24 12:00 AM,6396.24,6473.0,6393.0,6411.96,3535.3380882500014,6423.916312917213
662,2018-10-25 12:00 AM,6411.96,6422.73,6361.73,6393.53,3046.603805990015,6405.589208681256
663,2018-10-26 12:00 AM,6393.38,6450.3,6377.81,6406.1,3323.826317820023,6417.7667428841605
664,2018-10-27 12:00 AM,6406.1,6420.01,6381.25,6407.66,890.1271568999847,6418.70504204884
665,2018-10-28 12:00 AM,6407.66,6420.0,6383.0,6405.57,839.297664730003,6416.334512529992
666,2018-10-29 12:00 AM,6404.27,6420.0,6208.37,6266.52,5190.822014990047,6278.455860067448
667,2018-10-30 12:00 AM,6266.47,6289.0,6240.0,6269.46,2523.577429359968,6280.846556443871
668,2018-10-31 12:00 AM,6269.45,6350.0,6199.25,6303.27,5148.082623520034,6315.14587309824
669,2018-11-01 12:00 AM,6304.5,6365.33,6288.01,6340.99,2190.9704768599922,6350.654427768504
670,2018-11-02 12:00 AM,6343.85,6381.25,6328.33,6350.43,2678.069480969992,6360.044634010532
671,2018-11-03 12:00 AM,6350.05,6351.74,6312.48,6335.0,1084.1386195299976,6344.236511932414
672,2018-11-04 12:00 AM,6333.59,6475.0,6310.57,6421.76,2673.813913990008,6431.513781494453
673,2018-11-05 12:00 AM,6428.23,6441.43,6369.89,6403.2,2335.488654750005,6413.126575196544
674,2018-11-06 12:00 AM,6404.97,6460.01,6378.24,6447.5,4270.334600110011,6457.369272728981
675,2018-11-07 12:00 AM,6448.17,6544.0,6442.47,6501.0,4800.824912730031,6510.752464492318
676,2018-11-08 12:00 AM,6501.0,6511.27,6388.88,6405.49,3966.973031810046,6415.280779316801
677,2018-11-09 12:00 AM,6405.49,6418.18,6307.0,6325.0,3218.129026069988,6334.354481487384
678,2018-11-10 12:00 AM,6325.0,6377.26,6323.0,6349.32,1523.3938499599922,6358.514499641794
679,2018-11-11 12:00 AM,6349.39,6365.0,6269.46,6357.54,1718.2685556700048,6368.0570465598075
680,2018-11-12 12:00 AM,6352.57,6388.21,6298.5,6318.0,3526.0390323900097,6328.880490972708
681,2018-11-13 12:00 AM,6318.01,6328.36,6244.35,6260.91,3630.562721239986,6271.554960308294
682,2018-11-14 12:00 AM,6255.86,6298.47,5324.0,5595.91,25121.933013559403,5607.992121507228
683,2018-11-15 12:00 AM,5592.23,5641.0,5199.8,5585.0,19945.908281610282,5597.3723245372175
684,2018-11-16 12:00 AM,5571.12,5610.0,5411.74,5508.71,8074.605575800054,5519.0097658312725
685,2018-11-17 12:00 AM,5514.62,5550.66,5452.63,5503.36,2732.7916287100265,5512.638689371404
686,2018-11-18 12:00 AM,5503.36,5658.47,5500.0,5559.26,2576.4553201000153,5569.661523099054
687,2018-11-19 12:00 AM,5553.01,5559.69,4694.44,4735.44,28910.6655333094,4747.4845269319785
688,2018-11-20 12:00 AM,4732.92,4897.36,4048.58,4352.0,39775.3894392789,4366.2533355934265
689,2018-11-21 12:00 AM,4349.41,4635.0,4242.33,4538.01,20678.25000595997,4550.7744368986205
690,2018-11-22 12:00 AM,4551.47,4589.53,4194.98,4275.23,10258.461728930071,4281.222569743103
691,2018-11-23 12:00 AM,4268.4,4364.46,4061.02,4288.26,13322.777368219957,4295.0957654147005
692,2018-11-24 12:00 AM,4288.25,4376.88,3638.48,3785.65,14236.744174370246,3789.17775908657
693,2018-11-25 12:00 AM,3780.67,4120.0,3474.73,3938.89,26969.94763424018,3950.0464332421857
694,2018-11-26 12:00 AM,3934.22,4069.59,3522.28,3727.34,24357.88293934027,3735.709818399234
695,2018-11-27 12:00 AM,3727.34,3834.35,3548.76,3771.01,16814.002965650223,3778.8504417640993
696,2018-11-28 12:00 AM,3771.01,4355.08,3771.0,4220.16,22983.713488379926,4229.817799157619
697,2018-11-29 12:00 AM,4219.77,4409.77,4086.97,4249.8,15944.012626280315,4258.311152041047
698,2018-11-30 12:00 AM,4250.0,4300.0,3861.0,3971.06,14364.62144791032,3976.433570604376
699,2018-12-01 12:00 AM,3970.56,4264.47,3904.34,4140.39,6412.232537430056,4148.20826946002
700,2018-12-02 12:00 AM,4140.4,4265.0,4030.0,4102.05,7019.162058250027,4106.397360641588
701,2018-12-03 12:00 AM,4099.63,4115.15,3747.0,3834.34,10726.677304600407,3840.230638695955
702,2018-12-04 12:00 AM,3830.81,4033.98,3730.0,3903.52,12249.936887900049,3909.328047687855
703,2018-12-05 12:00 AM,3903.52,3913.62,3662.35,3696.69,13443.2207262104,3700.9274388718686
704,2018-12-06 12:00 AM,3694.03,3844.79,3415.22,3437.26,15480.96697218038,3440.876339558568
705,2018-12-07 12:00 AM,3437.22,3531.0,3210.0,3380.68,26513.231624900258,3386.9332013125177
706,2018-12-08 12:00 AM,3376.27,3495.99,3241.0,3398.8,10176.349274330116,3401.4383204525457
707,2018-12-09 12:00 AM,3398.8,3633.2,3371.09,3529.75,8011.022951770115,3530.962423195562
708,2018-12-10 12:00 AM,3528.68,3588.43,3355.0,3408.0,10375.26877055017,3409.194107909649
709,2018-12-11 12:00 AM,3406.41,3427.27,3292.65,3353.42,8951.710708280129,3354.332371184944
710,2018-12-12 12:00 AM,3345.01,3490.0,3325.7,3430.18,7284.103781960196,3431.0379061036906
711,2018-12-13 12:00 AM,3430.2,3441.13,3221.14,3262.73,11715.019083119962,3263.2109707846457
712,2018-12-14 12:00 AM,3263.55,3294.81,3135.55,3195.75,14437.50526663996,3197.0961704796764
713,2018-12-15 12:00 AM,3194.04,3230.0,3122.28,3179.54,5814.868532409978,3179.1385451606516
714,2018-12-16 12:00 AM,3180.84,3259.43,3178.23,3193.78,6033.507146330019,3193.348344773025
715,2018-12-17 12:00 AM,3191.41,3590.0,3181.26,3496.73,16389.794449030316,3500.505279537737
716,2018-12-18 12:00 AM,3499.37,3684.0,3422.77,3667.16,13792.364275919776,3672.162172862153
717,2018-12-19 12:00 AM,3667.16,3924.01,3642.69,3684.5,21125.614375411747,3690.0401038730492
718,2018-12-20 12:00 AM,3684.03,4172.07,3656.75,4073.77,25986.852916009942,4082.376894559383
719,2018-12-21 12:00 AM,4073.58,4162.0,3770.0,3841.08,16967.234605060938,3846.461699754345
720,2018-12-22 12:00 AM,3842.59,4010.16,3780.09,3980.9,7697.598152030054,3985.7005266354104
721,2018-12-23 12:00 AM,3977.65,4051.0,3900.0,3943.83,4609.892617260025,3946.744624081959
722,2018-12-24 12:00 AM,3947.82,4236.84,3944.84,4036.0,12017.917130920296,4040.5271692706597
723,2018-12-25 12:00 AM,4034.54,4049.23,3674.73,3779.99,11801.434418409995,3782.1172745662852
724,2018-12-26 12:00 AM,3780.0,3863.34,3678.8,3810.01,10064.182823479898,3813.1238531232375
725,2018-12-27 12:00 AM,3810.01,3841.17,3566.0,3591.69,11850.012381899922,3592.9319927649863
726,2018-12-28 12:00 AM,3590.26,3970.0,3575.0,3884.97,13055.718406890019,3888.0416615258223
727,2018-12-29 12:00 AM,3884.66,3961.85,3702.51,3725.48,6901.382331800055,3726.007013650987
728,2018-12-30 12:00 AM,3728.96,3870.0,3688.76,3835.79,5736.4537081800145,3835.165428631396
729,2018-12-31 12:00 AM,3831.03,3842.89,3630.0,3693.3,6667.1637374300435,3692.183586515781
730,2019-01-01 12:00 AM,3693.85,3845.46,3629.66,3823.44,5149.606277289984,3825.2290387855064
731,2019-01-02 12:00 AM,3825.41,3918.67,3770.0,3885.87,5534.469514530036,3889.587137458022
732,2019-01-03 12:00 AM,3890.27,3893.4,3760.0,3787.81,4803.246109200039,3790.685934103962
733,2019-01-04 12:00 AM,3785.64,3850.33,3732.38,3817.71,7452.058943560027,3820.62754310917
734,2019-01-05 12:00 AM,3822.0,3887.09,3780.0,3791.84,3656.3753143900067,3792.995365398053
735,2019-01-06 12:00 AM,3795.38,4090.0,3753.0,4040.71,5400.714864070056,4043.962778624585
736,2019-01-07 12:00 AM,4040.71,4070.0,3964.01,4005.45,7445.09600426004,4009.5521989639064
737,2019-01-08 12:00 AM,4005.0,4112.0,3934.73,3994.9,11819.986769660112,3998.682187101476
738,2019-01-09 12:00 AM,3994.75,4060.0,3948.44,4002.13,7390.133992030052,4005.7112280289257
739,2019-01-10 12:00 AM,4003.09,4036.22,3503.44,3627.51,16118.420882480357,3630.007344133583
740,2019-01-11 12:00 AM,3627.65,3704.6,3569.85,3632.02,10571.081642630035,3633.300776034931
741,2019-01-12 12:00 AM,3631.0,3650.35,3557.09,3617.13,3184.3521941400013,3617.389027479502
742,2019-01-13 12:00 AM,3617.75,3654.02,3476.0,3515.95,5908.522804540008,3515.3124587186935
743,2019-01-14 12:00 AM,3517.03,3714.0,3506.0,3664.28,9925.990721650085,3665.5411635162764
744,2019-01-15 12:00 AM,3664.28,3687.02,3534.68,3576.93,8059.8173776999865,3577.0664633554384
745,2019-01-16 12:00 AM,3576.92,3669.0,3570.48,3605.91,7675.066063710044,3605.838317354906
746,2019-01-17 12:00 AM,3609.5,3660.0,3534.25,3638.01,7499.525529710006,3637.9175449233717
747,2019-01-18 12:00 AM,3638.01,3641.9,3577.0,3609.21,5023.510290800118,3609.1615966542977
748,2019-01-19 12:00 AM,3609.29,3774.0,3602.6,3681.0,4080.883464129996,3681.2133885504622
749,2019-01-20 12:00 AM,3680.0,3703.27,3470.0,3536.72,5591.0158342200475,3534.609020018787
750,2019-01-21 12:00 AM,3537.42,3573.29,3485.58,3531.51,5821.89983137,3529.6392919531213
751,2019-01-22 12:00 AM,3531.51,3615.8,3401.36,3576.81,6877.063675500041,3575.1957940781585
752,2019-01-23 12:00 AM,3574.44,3620.23,3518.0,3552.32,6170.842672240064,3550.8069097521125
753,2019-01-24 12:00 AM,3553.2,3598.0,3524.0,3570.73,4488.0146380100205,3569.0726985753968
754,2019-01-25 12:00 AM,3570.67,3578.79,3511.0,3560.0,4961.795122990022,3558.6122454473925
755,2019-01-26 12:00 AM,3560.94,3657.89,3536.51,3555.56,2697.8838793499967,3553.6555662582964
756,2019-01-27 12:00 AM,3555.31,3564.12,3456.0,3533.23,3852.659640899991,3530.81454332449
757,2019-01-28 12:00 AM,3532.23,3536.77,3357.3,3429.5,10345.10091040014,3427.6463597573616
758,2019-01-29 12:00 AM,3431.43,3438.76,3322.19,3390.5,7284.386862660046,3387.7317248419427
759,2019-01-30 12:00 AM,3391.25,3465.05,3372.34,3437.35,5704.02340185999,3434.9984266024526
760,2019-01-31 12:00 AM,3438.0,3474.2,3392.6,3413.11,5951.818169800024,3410.440804431998
761,2019-02-01 12:00 AM,3413.69,3460.0,3364.53,3434.83,6659.847524950063,3431.9744398845633
762,2019-02-02 12:00 AM,3434.83,3485.0,3406.38,3462.82,3051.9586076799937,3459.9610861073606
763,2019-02-03 12:00 AM,3470.5,3476.33,3384.67,3414.82,2813.8922244199907,3412.1910434882593
764,2019-02-04 12:00 AM,3413.75,3439.46,3394.85,3410.87,3244.084978980005,3409.210429661
765,2019-02-05 12:00 AM,3409.81,3435.0,3396.0,3431.39,4045.6253016400096,3431.5490018391242
766,2019-02-06 12:00 AM,3431.81,3445.6,3328.7,3364.62,6137.4063981700365,3363.5333353457495
767,2019-02-07 12:00 AM,3364.0,3383.29,3350.0,3359.33,4293.555814099996,3357.7885135750225
768,2019-02-08 12:00 AM,3358.39,3711.04,3337.91,3622.94,14388.64754224007,3623.906223648868
769,2019-02-09 12:00 AM,3626.12,3639.74,3589.52,3622.62,4054.504616950001,3623.0005760514005
770,2019-02-10 12:00 AM,3622.74,3662.43,3576.16,3650.37,4155.505682730012,3649.2822570421877
771,2019-02-11 12:00 AM,3651.32,3652.56,3578.7,3588.7,7931.4088740699535,3587.4495717703016
772,2019-02-12 12:00 AM,3588.99,3619.93,3548.28,3585.94,10074.816705319838,3584.3909850891564
773,2019-02-13 12:00 AM,3585.7,3629.81,3541.0,3574.93,7992.743211340006,3573.3035755576752
774,2019-02-14 12:00 AM,3575.01,3590.74,3531.01,3560.46,5910.243128759973,3559.0753655623357
775,2019-02-15 12:00 AM,3560.45,3620.53,3544.88,3566.29,6234.768057260019,3564.460148728056
776,2019-02-16 12:00 AM,3566.29,3609.0,3561.96,3579.92,3442.476303930007,3578.119743529718
777,2019-02-17 12:00 AM,3580.43,3663.34,3553.98,3625.6,5012.461275379992,3624.669756768775
778,2019-02-18 12:00 AM,3625.6,3916.47,3614.82,3869.8,15567.084854289846,3872.2412040854606
779,2019-02-19 12:00 AM,3870.97,4000.0,3840.08,3888.46,12525.136510130242,3891.776681809093
780,2019-02-20 12:00 AM,3889.92,3967.52,3861.49,3936.53,9854.354938530016,3940.0056482344553
781,2019-02-21 12:00 AM,3936.8,3989.99,3866.25,3900.4,8055.798928170041,3902.799837590084
782,2019-02-22 12:00 AM,3900.64,3957.0,3882.59,3939.82,6593.859934009936,3942.1517242335763
783,2019-02-23 12:00 AM,3939.83,4157.87,3905.63,4113.53,7966.317210860147,4117.675137899987
784,2019-02-24 12:00 AM,4113.56,4190.0,3714.42,3730.68,13737.01398845028,3733.9079003870984
785,2019-02-25 12:00 AM,3733.78,3861.81,3732.6,3820.71,8835.362249210135,3823.3139551440663
786,2019-02-26 12:00 AM,3817.93,3830.0,3760.09,3795.06,6543.164537220015,3796.237696795998
787,2019-02-27 12:00 AM,3794.42,3822.85,3658.19,3798.47,7602.299844720016,3799.4209765147193
788,2019-02-28 12:00 AM,3796.49,3897.62,3755.0,3791.36,6747.880271660052,3792.1794315636903
789,2019-03-01 12:00 AM,3791.02,3845.3,3789.5,3807.05,4761.41015902002,3810.1442344599873
790,2019-03-02 12:00 AM,3805.0,3818.75,3760.0,3810.46,3259.7431248499884,3812.7441864070006
791,2019-03-03 12:00 AM,3810.47,3822.39,3756.0,3789.52,2508.086490719997,3790.590235915949
792,2019-03-04 12:00 AM,3789.7,3806.9,3670.0,3698.66,7293.719628390006,3699.1647280845013
793,2019-03-05 12:00 AM,3698.65,3877.1,3690.0,3844.07,7280.823975510084,3846.5573040163067
794,2019-03-06 12:00 AM,3844.07,3895.12,3808.8,3851.55,6402.675074930039,3854.227476868292
795,2019-03-07 12:00 AM,3851.26,3891.04,3826.13,3856.64,7964.508253709983,3858.3809013881596
796,2019-03-08 12:00 AM,3856.78,3924.37,3760.1,3844.64,7707.39667049004,3846.3679831392596
797,2019-03-09 12:00 AM,3841.27,3950.25,3835.66,3916.43,5125.898303830029,3919.0633424164866
798,2019-03-10 12:00 AM,3916.42,3916.43,3862.0,3897.92,3000.606718550003,3899.455614301709
799,2019-03-11 12:00 AM,3898.14,3912.89,3812.64,3849.25,6612.115161250105,3851.009241452205
800,2019-03-12 12:00 AM,3848.86,3877.69,3791.07,3859.74,5794.6147342800705,3861.5015656372634
801,2019-03-13 12:00 AM,3861.37,3874.68,3820.0,3848.48,4275.5400002500055,3849.8176164895167
802,2019-03-14 12:00 AM,3848.1,3903.98,3775.01,3854.77,5167.5661760900375,3856.012102078646
803,2019-03-15 12:00 AM,3857.33,3912.06,3843.09,3901.21,6411.9833275101855,3902.699421857226
804,2019-03-16 12:00 AM,3899.19,4040.0,3899.12,3990.0,6959.477883390047,3992.8488438753197
805,2019-03-17 12:00 AM,3990.0,3992.42,3927.28,3965.5,2711.950167960006,3967.5607588612975
806,2019-03-18 12:00 AM,3965.63,4016.63,3929.83,3969.59,5420.230378010002,3972.5100572625333
807,2019-03-19 12:00 AM,3969.94,4012.63,3947.15,3998.13,5317.450555240022,4001.7273131085335
808,2019-03-20 12:00 AM,3999.5,4050.0,3962.6,4031.59,6244.953701820025,4035.408263120459
809,2019-03-21 12:00 AM,4033.7,4055.35,3919.63,3974.21,7561.75989694,3977.716444085213
810,2019-03-22 12:00 AM,3974.5,4000.81,3958.94,3982.07,3453.3689282099876,3985.074152753738
811,2019-03-23 12:00 AM,3980.4,4001.17,3957.11,3982.52,2259.564526099997,3984.971899062276
812,2019-03-24 12:00 AM,3979.19,3980.97,3942.04,3969.99,2204.065609409995,3972.010935445041
813,2019-03-25 12:00 AM,3970.23,3980.22,3850.45,3910.51,6913.367097210047,3912.338091739299
814,2019-03-26 12:00 AM,3910.0,3936.36,3879.5,3922.58,4315.604877080011,3924.489598229797
815,2019-03-27 12:00 AM,3922.58,4037.11,3912.19,4025.5,8151.675048880053,4028.3749285795247
816,2019-03-28 12:00 AM,4025.5,4025.56,3992.6,4012.23,3927.546821569999,4014.7403759260383
817,2019-03-29 12:00 AM,4011.0,4102.57,4005.0,4090.0,8391.034624140055,4094.0626306704535
818,2019-03-30 12:00 AM,4090.0,4130.36,4040.0,4094.92,3923.13646639998,4098.388967455682
819,2019-03-31 12:00 AM,4094.92,4101.7,4074.29,4096.08,2402.588205409991,4104.277261667806
820,2019-04-01 12:00 AM,4092.02,4150.0,4052.56,4136.32,7232.987312010092,4139.224538002686
821,2019-04-02 12:00 AM,4133.93,5080.0,4130.64,4899.63,30686.173514419712,4914.476835182595
822,2019-04-03 12:00 AM,4899.01,5345.0,4800.5,4978.23,29321.272684050382,4994.587223753549
823,2019-04-04 12:00 AM,4972.83,5077.35,4778.59,4907.94,15898.115148080122,4919.0807994923425
824,2019-04-05 12:00 AM,4911.14,5067.62,4883.83,5039.73,13023.746516100158,5049.867693030784
825,2019-04-06 12:00 AM,5041.0,5240.0,4900.0,5041.39,10049.844788290087,5051.2570708857975
826,2019-04-07 12:00 AM,5041.92,5253.49,5028.3,5190.85,10872.519356160086,5199.567872742545
827,2019-04-08 12:00 AM,5192.92,5347.37,5127.68,5287.88,13344.981514870122,5298.257220412123
828,2019-04-09 12:00 AM,5287.97,5288.95,5136.01,5192.6,9410.35350033013,5201.8800041435
829,2019-04-10 12:00 AM,5184.03,5466.06,5161.0,5323.47,10723.93474695999,5333.446534674706
830,2019-04-11 12:00 AM,5323.47,5344.31,4966.87,5040.2,15052.956063330816,5048.312247485988
831,2019-04-12 12:00 AM,5037.82,5122.48,4912.0,5076.35,8057.038476840056,5084.193487594195
832,2019-04-13 12:00 AM,5075.74,5122.01,5033.73,5063.63,4520.437029710008,5070.523552623813
833,2019-04-14 12:00 AM,5064.0,5185.26,5012.73,5162.72,3443.447283160013,5169.585761677856
834,2019-04-15 12:00 AM,5160.54,5192.01,4948.57,5027.31,7423.013758580004,5034.206829440496
835,2019-04-16 12:00 AM,5027.33,5231.96,5014.77,5202.43,7675.404120150067,5210.060951172487
836,2019-04-17 12:00 AM,5201.47,5275.07,5170.01,5233.72,6741.077209860025,5241.883460030944
837,2019-04-18 12:00 AM,5227.6,5325.0,5218.23,5281.58,6375.895687140002,5289.666141572578
838,2019-04-19 12:00 AM,5283.0,5357.96,5180.37,5289.91,5285.606370170004,5297.934558829578
839,2019-04-20 12:00 AM,5289.91,5362.97,5253.82,5318.89,3665.569621080013,5327.1391328222735
840,2019-04-21 12:00 AM,5318.94,5346.91,5212.8,5295.65,4631.039167519898,5303.505160367594
841,2019-04-22 12:00 AM,5295.96,5439.12,5249.0,5386.8,7127.111867789977,5395.242767048612
842,2019-04-23 12:00 AM,5388.22,5627.0,5363.24,5531.32,10132.403171539987,5541.70902917694
843,2019-04-24 12:00 AM,5531.29,5623.3,5372.0,5440.95,10521.037631269985,5450.103091589556
844,2019-04-25 12:00 AM,5440.95,5510.0,4991.42,5132.55,9893.935908640417,5140.1485851553625
845,2019-04-26 12:00 AM,5132.5,5291.48,5046.31,5155.19,15033.101779300156,5162.991635281036
846,2019-04-27 12:00 AM,5154.11,5218.31,5113.0,5168.91,4041.3335534100092,5175.999374300682
847,2019-04-28 12:00 AM,5171.51,5213.23,5099.0,5160.98,3957.2543563699946,5167.17139762848
848,2019-04-29 12:00 AM,5152.98,5191.96,5071.58,5149.11,5753.615137140507,5155.328861571783
849,2019-04-30 12:00 AM,5150.21,5287.4,5127.05,5269.0,5055.272835700434,5275.93219730369
850,2019-05-01 12:00 AM,5267.86,5357.96,5263.03,5318.42,4209.284413530244,5324.9883303691095
851,2019-05-02 12:00 AM,5322.28,5422.94,5304.99,5385.0,5908.521723250435,5391.935575647161
852,2019-05-03 12:00 AM,5385.0,5796.56,5363.1,5658.22,12700.588992570827,5667.060269366811
853,2019-05-04 12:00 AM,5659.82,5846.13,5510.0,5764.65,8525.455707550815,5773.614509826249
854,2019-05-05 12:00 AM,5766.46,5782.55,5624.25,5709.32,5162.561829880443,5720.176498711532
855,2019-05-06 12:00 AM,5714.4,5755.79,5562.44,5685.46,6826.980875330572,5695.606887647017
856,2019-05-07 12:00 AM,5686.88,5970.0,5686.88,5751.54,10741.561860690883,5762.6671236066495
857,2019-05-08 12:00 AM,5751.54,5986.0,5658.66,5940.89,6320.413545400628,5952.500900610162
858,2019-05-09 12:00 AM,5945.32,6172.0,5932.83,6156.7,9081.240778070818,6169.403861756192
859,2019-05-10 12:00 AM,6151.66,6426.8,6105.0,6342.84,13821.71360689112,6357.0892517188195
860,2019-05-11 12:00 AM,6338.93,7445.0,6338.93,7217.47,22331.43531269039,7234.89859493244
861,2019-05-12 12:00 AM,7214.4,7585.0,6762.57,6974.35,27398.214364030868,6998.338093245438
862,2019-05-13 12:00 AM,6968.84,8167.5,6863.75,7810.05,27299.34473922949,7837.992724673228
863,2019-05-14 12:00 AM,7810.72,8335.56,7618.99,7986.0,18881.44115957086,8013.970492592924
864,2019-05-15 12:00 AM,7991.72,8300.0,7838.0,8208.69,16613.071234580835,8232.493009956392
865,2019-05-16 12:00 AM,8203.97,8390.95,7654.93,7880.0,17078.703759600718,7902.802382721425
866,2019-05-17 12:00 AM,7879.28,7942.09,6178.0,7351.71,27307.579699691592,7376.077769630902
867,2019-05-18 12:00 AM,7352.39,7493.85,7205.57,7260.12,7564.899689880089,7279.951689691011
868,2019-05-19 12:00 AM,7257.82,8299.99,7247.86,8200.0,15595.267451650445,8217.08399669712
869,2019-05-20 12:00 AM,8193.45,8199.97,7581.03,8005.64,13426.787508890413,8023.122875416696
870,2019-05-21 12:00 AM,8007.67,8117.48,7676.27,7955.16,7518.555676900229,7971.543734609042
871,2019-05-22 12:00 AM,7949.18,8049.22,7505.69,7624.95,8396.822036970354,7641.195151661586
872,2019-05-23 12:00 AM,7622.9,7980.0,7468.31,7880.22,8370.3562531802,7895.85858384538
873,2019-05-24 12:00 AM,7880.4,8188.87,7795.95,7999.02,9358.971812110243,8014.3810293635415
874,2019-05-25 12:00 AM,7999.02,8158.45,7939.76,8064.64,3361.653251239978,8079.066054969224
875,2019-05-26 12:00 AM,8066.15,8802.29,7888.91,8733.26,8526.811644470308,8746.857338138316
876,2019-05-27 12:00 AM,8733.27,8939.18,8653.68,8770.73,8948.024673760365,8788.144636713545
877,2019-05-28 12:00 AM,8774.45,8817.41,8540.94,8717.96,6144.011245710195,8733.130638108682
878,2019-05-29 12:00 AM,8715.35,8762.39,8421.12,8663.41,7584.257858940189,8678.168330593533
879,2019-05-30 12:00 AM,8663.07,9096.79,8000.0,8277.76,15259.58792555072,8294.715822686929
880,2019-05-31 12:00 AM,8277.76,8589.99,8109.74,8547.2,9957.91006545035,8561.969955373901
881,2019-06-01 12:00 AM,8545.8,8624.72,8457.33,8556.27,5167.051307060049,8566.002947829267
882,2019-06-02 12:00 AM,8560.1,8833.97,8546.01,8734.49,4263.036165300039,8742.043771815435
883,2019-06-03 12:00 AM,8735.84,8745.96,8049.22,8103.64,9955.032618940317,8113.597625330887
884,2019-06-04 12:00 AM,8103.63,8103.63,7432.84,7665.53,15485.702150210136,7677.065422461534
885,2019-06-05 12:00 AM,7673.41,7924.48,7570.9,7785.94,9193.711887640226,7796.395979430548
886,2019-06-06 12:00 AM,7784.62,7878.62,7449.68,7806.07,8738.66635896016,7816.488720349634
887,2019-06-07 12:00 AM,7801.97,8134.99,7758.93,8001.25,9012.096159450224,8011.232691056648
888,2019-06-08 12:00 AM,8002.68,8061.12,7777.67,7932.27,4870.115567410076,7942.04477719291
889,2019-06-09 12:00 AM,7933.17,7966.58,7511.41,7632.99,3895.8481053799865,7643.047285832921
890,2019-06-10 12:00 AM,7629.98,8090.0,7523.16,8021.1,7150.5942975502,8030.379560101759
891,2019-06-11 12:00 AM,8017.99,8057.32,7713.34,7919.1,5552.688037710158,7928.627066796633
892,2019-06-12 12:00 AM,7915.7,8266.0,7821.73,8176.27,8577.16249687014,8185.3333550775205
893,2019-06-13 12:00 AM,8171.12,8335.56,8049.22,8238.0,7237.8003909501,8246.757905242002
894,2019-06-14 12:00 AM,8235.44,8737.37,8174.92,8697.54,8678.25030630025,8704.698714145901
895,2019-06-15 12:00 AM,8694.74,8911.98,8623.52,8857.19,5275.753069100064,8863.671751140231
896,2019-06-16 12:00 AM,8857.19,9391.85,8805.0,8974.19,15018.853356130105,8983.982258864422
897,2019-06-17 12:00 AM,8973.02,9477.7,8973.02,9333.48,12760.960697460263,9341.052773419106
898,2019-06-18 12:00 AM,9333.48,9361.87,8918.0,9078.84,11327.453942980183,9088.029257230553
899,2019-06-19 12:00 AM,9076.51,9325.85,9036.19,9278.27,4687.259843050051,9285.044159942252
900,2019-06-20 12:00 AM,9280.17,9600.0,9211.08,9534.99,7870.3158393801705,9540.353031641393
901,2019-06-21 12:00 AM,9534.99,10229.49,9534.97,10222.12,12553.099634240503,10223.30879593395
902,2019-06-22 12:00 AM,10222.13,11200.0,10085.5,10661.3,13709.300322220839,10663.480463131722
903,2019-06-23 12:00 AM,10665.66,11247.62,10483.33,10831.95,7270.645811600268,10832.976485550305
904,2019-06-24 12:00 AM,10827.23,11099.0,10551.51,11029.63,8247.393810980238,11028.863400352328
905,2019-06-25 12:00 AM,11030.0,11796.37,11000.02,11751.01,12133.571758670496,11741.146344887024
906,2019-06-26 12:00 AM,11760.0,13880.0,11647.07,12920.54,37487.8024257894,12906.694968645455
907,2019-06-27 12:00 AM,12927.44,13355.61,10300.0,11153.74,36106.96055322745,11162.234734857044
908,2019-06-28 12:00 AM,11153.73,12447.46,10739.1,12354.43,18718.1015877204,12336.956266102678
909,2019-06-29 12:00 AM,12354.45,12386.76,11317.03,11858.62,12265.997360520578,11844.222100606856
910,2019-06-30 12:00 AM,11867.35,12200.06,10651.3,10760.1,12642.617722770676,10754.78450418264
911,2019-07-01 12:00 AM,10759.24,11200.41,9950.0,10577.43,22917.437104040517,10584.297970735819
912,2019-07-02 12:00 AM,10581.78,10942.63,9614.08,10828.9,20285.24655295053,10833.96055988526
913,2019-07-03 12:00 AM,10830.1,12009.0,10830.1,11967.43,19389.854757670564,11954.60299117652
914,2019-07-04 12:00 AM,11970.0,12061.04,11052.74,11146.34,11185.294203760825,11142.380625050488
915,2019-07-05 12:00 AM,11144.82,11440.0,10769.15,10997.84,11893.43794970046,10995.59908228158
916,2019-07-06 12:00 AM,10996.82,11735.0,10982.89,11240.0,7892.1786681201265,11232.454348392608
917,2019-07-07 12:00 AM,11233.21,11627.0,11083.76,11469.96,6683.05546715007,11458.751105836336
918,2019-07-08 12:00 AM,11478.43,12398.0,11332.19,12286.14,11901.900894620301,12264.128241414905
919,2019-07-09 12:00 AM,12299.94,12883.48,12030.43,12567.23,15115.552383900784,12541.587539212613
920,2019-07-10 12:00 AM,12574.88,13200.0,11550.0,12098.95,19838.3899489704,12083.250397550279
921,2019-07-11 12:00 AM,12101.44,12104.97,10966.81,11349.24,18468.686000430604,11342.889635226978
922,2019-07-12 12:00 AM,11352.74,11942.39,11083.52,11808.91,9176.679429930413,11796.505148973283
923,2019-07-13 12:00 AM,11811.08,11846.61,10810.0,11378.79,9391.353414350291,11369.696587474258
924,2019-07-14 12:00 AM,11382.03,11467.3,10090.0,10191.87,12170.408237630425,10197.434743790523
925,2019-07-15 12:00 AM,10191.87,11080.37,9855.0,10850.0,16048.0271840603,10851.255769223357
926,2019-07-16 12:00 AM,10848.27,11042.11,9366.0,9412.81,20761.0274800108,9427.72069218279
927,2019-07-17 12:00 AM,9427.45,9993.0,9049.54,9699.35,16992.78525932088,9711.938302178933
928,2019-07-18 12:00 AM,9712.15,10797.0,9280.33,10648.6,18289.542175850616,10650.536476670652
929,2019-07-19 12:00 AM,10638.44,10776.99,10102.58,10535.43,13787.456467180322,10536.456588563311
930,2019-07-20 12:00 AM,10533.71,11120.0,10359.17,10750.11,9964.673882820092,10747.717133999491
931,2019-07-21 12:00 AM,10757.15,10839.09,10325.0,10600.24,5628.161766640063,10597.802810139796
932,2019-07-22 12:00 AM,10605.03,10686.89,10052.25,10328.83,9371.306442310175,10329.562052155776
933,2019-07-23 12:00 AM,10315.87,10327.33,9801.88,9847.02,9040.84882621012,9852.530654893706
934,2019-07-24 12:00 AM,9841.42,9911.5,9514.96,9763.67,9433.345200170132,9770.432767632803
935,2019-07-25 12:00 AM,9781.52,10187.0,9734.19,9883.96,6377.957517850045,9889.014618720817
936,2019-07-26 12:00 AM,9886.08,9897.46,9650.0,9846.94,5570.109147460068,9851.620166181316
937,2019-07-27 12:00 AM,9846.94,10235.0,9299.0,9481.37,9614.102075190107,9489.765332823914
938,2019-07-28 12:00 AM,9467.84,9634.5,9111.0,9533.19,3860.834816900032,9538.857831926978
939,2019-07-29 12:00 AM,9538.73,9725.17,9360.0,9495.39,5068.654309300063,9501.836056915017
940,2019-07-30 12:00 AM,9508.21,9775.0,9373.48,9593.62,5533.971185290058,9599.081779301434
941,2019-07-31 12:00 AM,9592.26,10143.2,9574.09,10085.34,7917.508477200074,10087.25424915785
942,2019-08-01 12:00 AM,10096.01,10499.0,9878.09,10407.71,7681.73235986015,10407.6847211619
943,2019-08-02 12:00 AM,10416.79,10670.0,10318.47,10529.51,9286.861727410087,10528.061273977446
944,2019-08-03 12:00 AM,10529.51,10919.0,10502.8,10821.52,6996.117228180117,10816.245254038029
945,2019-08-04 12:00 AM,10812.58,11085.99,10564.96,10986.96,7556.32923024012,10980.510716545625
946,2019-08-05 12:00 AM,10986.55,11959.36,10986.55,11800.0,17260.455773320256,11787.623257874626
947,2019-08-06 12:00 AM,11800.0,12325.0,11200.0,11470.0,16420.579163539842,11460.846006069089
948,2019-08-07 12:00 AM,11471.58,12145.42,11388.01,11971.57,15480.455242489643,11953.443018930067
949,2019-08-08 12:00 AM,11973.46,12061.1,11450.93,11983.43,10144.462108840104,11963.862809718774
950,2019-08-09 12:00 AM,11985.6,12040.0,11650.0,11859.32,7336.914849050093,11840.886810371569
951,2019-08-10 12:00 AM,11859.32,11976.68,11200.0,11273.2,7447.248341240092,11263.30440040936
952,2019-08-11 12:00 AM,11273.03,11589.73,11080.37,11528.73,4361.3906918200455,11513.265170317827
953,2019-08-12 12:00 AM,11527.44,11551.57,11194.04,11385.11,3417.709356640005,11372.68048293139
954,2019-08-13 12:00 AM,11380.61,11446.94,10738.58,10862.28,9003.178886340193,10857.139849154295
955,2019-08-14 12:00 AM,10862.25,10862.25,9888.57,10022.99,12678.94119470009,10027.602821679562
956,2019-08-15 12:00 AM,10022.5,10444.66,9467.57,10301.44,15083.173263320083,10304.130715729343
957,2019-08-16 12:00 AM,10294.9,10540.0,9736.96,10354.34,11080.399661310075,10354.492603217363
958,2019-08-17 12:00 AM,10351.18,10472.93,9974.51,10210.89,3907.528398490015,10211.355051090868
959,2019-08-18 12:00 AM,10221.94,10515.0,10065.41,10318.99,3398.419866710023,10317.851419046123
960,2019-08-19 12:00 AM,10318.99,10940.0,10267.56,10927.3,8044.021348280197,10919.674613741327
961,2019-08-20 12:00 AM,10927.3,10955.48,10549.74,10772.22,5883.5999527502845,10766.122254710685
962,2019-08-21 12:00 AM,10778.75,10807.54,9853.45,10134.75,9812.62171129044,10135.643467882997
963,2019-08-22 12:00 AM,10123.56,10238.29,9755.53,10112.01,6710.306647880084,10113.229428502354
964,2019-08-23 12:00 AM,10112.45,10479.0,10051.0,10401.6,5557.291443419993,10399.722806395872
965,2019-08-24 12:00 AM,10401.87,10432.0,9885.48,10149.7,5106.5567368697775,10149.673112834238
966,2019-08-25 12:00 AM,10149.38,10355.89,9907.86,10136.75,3953.3952811701124,10135.942688580284
967,2019-08-26 12:00 AM,10136.75,10650.0,10136.75,10360.97,7166.675340849361,10358.625269448652
968,2019-08-27 12:00 AM,10355.11,10375.53,10019.1,10167.29,4781.33502179999,10166.48323410506
969,2019-08-28 12:00 AM,10171.39,10280.71,9555.0,9711.78,9303.155919060026,9715.67436900386
970,2019-08-29 12:00 AM,9720.2,9720.2,9320.0,9490.0,7717.10637568005,9495.983898574093
971,2019-08-30 12:00 AM,9490.56,9700.0,9350.1,9579.75,5317.309700100066,9583.708255417749
972,2019-08-31 12:00 AM,9569.3,9682.73,9443.19,9594.15,1572.15542709,9597.511375037247
973,2019-09-01 12:00 AM,9593.5,9832.0,9538.75,9767.53,1799.3672012100033,9770.195626038743
974,2019-09-02 12:00 AM,9767.56,10471.0,9753.24,10384.48,6144.798835149923,10382.668611404497
975,2019-09-03 12:00 AM,10384.07,10783.0,10286.0,10617.61,11443.53849726965,10613.578270896816
976,2019-09-04 12:00 AM,10617.72,10834.15,10378.7,10586.26,10088.72363009996,10582.480497196953
977,2019-09-05 12:00 AM,10586.26,10664.13,10461.97,10573.66,4555.624634290002,10569.338182233361
978,2019-09-06 12:00 AM,10573.04,10949.0,10204.18,10311.09,10701.509944220656,10309.934180760527
979,2019-09-07 12:00 AM,10309.04,10580.0,10297.58,10484.39,3148.5089533599544,10480.650508498646
980,2019-09-08 12:00 AM,10497.57,10594.88,10229.49,10400.18,3130.8610354800567,10396.402885832802
981,2019-09-09 12:00 AM,10387.33,10542.93,10060.0,10307.45,6059.762743639945,10304.95685456498
982,2019-09-10 12:00 AM,10317.62,10390.09,9910.0,10096.0,4658.92141056005,10095.399134043333
983,2019-09-11 12:00 AM,10093.39,10243.01,9855.11,10154.46,4614.34849343004,10153.471442391055
984,2019-09-12 12:00 AM,10163.81,10465.0,10027.52,10420.34,4719.046686420015,10416.517987302177
985,2019-09-13 12:00 AM,10423.99,10458.13,10153.87,10368.65,3755.4174224400185,10365.031610722262
986,2019-09-14 12:00 AM,10365.81,10441.47,10217.01,10355.37,2656.154530489993,10351.722020094512
987,2019-09-15 12:00 AM,10362.52,10383.2,10258.49,10305.74,2297.722768779993,10302.847820052562
988,2019-09-16 12:00 AM,10320.36,10378.07,10060.95,10269.98,5496.037493879997,10267.445623299875
989,2019-09-17 12:00 AM,10257.2,10280.53,10130.59,10195.73,5078.598655760074,10193.927267426
990,2019-09-18 12:00 AM,10182.96,10263.65,10080.0,10152.09,3952.0068358700078,10150.70893754696
991,2019-09-19 12:00 AM,10161.59,10380.07,9600.0,10271.53,7455.911411660102,10269.482927812624
992,2019-09-20 12:00 AM,10284.72,10308.04,10055.0,10169.02,4463.382020690002,10167.393139296852
993,2019-09-21 12:00 AM,10169.02,10180.43,9913.35,9985.28,4148.899814959993,9985.110549594372
994,2019-09-22 12:00 AM,9973.0,10093.24,9842.35,10020.58,3213.954095700003,10022.215903418597
995,2019-09-23 12:00 AM,10022.38,10048.06,9606.0,9682.19,5447.963132460061,9687.835407197843
996,2019-09-24 12:00 AM,9685.69,9782.0,7998.0,8536.82,28154.413557259373,8553.882186059547
997,2019-09-25 12:00 AM,8536.71,8746.83,8216.0,8432.16,17435.867891300324,8450.143641268598
998,2019-09-26 12:00 AM,8443.44,8467.89,7733.99,8055.03,16662.320211519953,8074.494537326724
999,2019-09-27 12:00 AM,8055.25,8294.04,7866.0,8187.72,10165.852936940168,8204.176331653547
1000,2019-09-28 12:00 AM,8199.96,8356.4,8009.84,8218.07,6315.489538940029,8232.805940693768
1001,2019-09-29 12:00 AM,8218.07,8244.07,7902.66,8047.6,5366.5707176999895,8060.516524405408
1002,2019-09-30 12:00 AM,8060.13,8368.5,7714.7,8298.45,9518.99210777022,8311.476991374013
1003,2019-10-01 12:00 AM,8304.47,8531.25,8195.42,8319.01,10224.591982530153,8330.79898557676
1004,2019-10-02 12:00 AM,8326.41,8393.39,8170.91,8373.42,4952.534115200013,8384.917275399826
1005,2019-10-03 12:00 AM,8377.68,8419.23,8029.14,8239.92,8701.12039607004,8251.29705278723
1006,2019-10-04 12:00 AM,8243.39,8244.93,7986.65,8152.07,6278.781419039995,8163.234842632921
1007,2019-10-05 12:00 AM,8157.89,8195.0,8016.26,8145.17,4445.104067869979,8156.354761603298
1008,2019-10-06 12:00 AM,8150.73,8176.46,7772.71,7854.12,6454.535726939986,7865.3158996925
1009,2019-10-07 12:00 AM,7863.75,8313.7,7763.54,8205.53,9363.327184590082,8216.472956314397
1010,2019-10-08 12:00 AM,8211.04,8344.12,8109.74,8178.54,3577.722873189981,8189.318924944282
1011,2019-10-09 12:00 AM,8185.85,8707.8,8110.0,8586.34,11634.1948462301,8595.860562001253
1012,2019-10-10 12:00 AM,8586.57,8666.84,8450.61,8582.11,7435.431990330012,8591.232821270489
1013,2019-10-11 12:00 AM,8589.08,8820.0,8222.88,8265.55,7824.587187520038,8275.883345714752
1014,2019-10-12 12:00 AM,8265.16,8427.76,8254.68,8303.43,1828.8331244699923,8313.135699597498
1015,2019-10-13 12:00 AM,8303.43,8474.48,8132.91,8282.96,4445.283813680023,8292.818163556009
1016,2019-10-14 12:00 AM,8278.39,8416.67,8215.41,8362.99,4294.607389200038,8372.901226046986
1017,2019-10-15 12:00 AM,8353.33,8420.85,8086.0,8155.13,5044.66127938009,8165.313057315701
1018,2019-10-16 12:00 AM,8162.45,8179.1,7912.66,7995.89,8644.400116460032,8006.9274235198545
1019,2019-10-17 12:00 AM,7995.73,8130.71,7936.71,8073.32,5395.8859920600735,8084.154174466672
1020,2019-10-18 12:00 AM,8069.26,8120.77,7811.62,7955.08,5611.093537369959,7965.968095503018
1021,2019-10-19 12:00 AM,7950.48,8096.76,7875.0,7960.49,3461.1252920700067,7971.197046086577
1022,2019-10-20 12:00 AM,7965.39,8314.77,7874.68,8235.74,6358.924990720019,8246.727348373328
1023,2019-10-21 12:00 AM,8236.49,8352.0,8156.0,8213.65,4919.73416831003,8225.041727978889
1024,2019-10-22 12:00 AM,8206.53,8314.77,7989.15,8025.9,5678.934830590013,8037.832289819861
